,Filename,Neutral,Negative,Positive
0,FOMCpresconf20240918.txt,0.5386457225187249,0.19149584825676616,0.269858432962792
1,FOMCpresconf20240501.txt,0.5369575964577962,0.34017658041297444,0.12286581150172944
2,FOMCpresconf20140618.txt,0.7022232968910512,0.06101874358534009,0.23675795964266977
3,FOMCpresconf20211215.txt,0.5788495874764131,0.24809752533037682,0.17305288052926437
4,FOMCpresconf20221102.txt,0.30791044594254346,0.6053476129437331,0.08674193864280824
5,FOMCpresconf20200916.txt,0.5541426904183546,0.005581088380755058,0.4402762209298089
6,FOMCpresconf20130918.txt,0.6344614887105612,0.05602820555375527,0.3095103161354523
7,FOMCpresconf20210127.txt,0.5990697343853147,0.008529586076717048,0.39240066572868576
8,FOMCpresconf20171213.txt,0.7767583151747074,0.1699083914728752,0.053333286721421506
9,FOMCpresconf20161214.txt,0.6901395610882901,0.14916025423663087,0.1607001918608148
10,FOMCpresconf20201216.txt,0.5279322658439703,0.05083799420257988,0.4212297407308749
11,FOMCpresconf20180613.txt,0.6066856243414804,0.2632527763931209,0.13006159251882968
12,FOMCpresconf20131218.txt,0.565145462409198,0.03551807899026299,0.39933645566678466
13,FOMCpresconf20231101.txt,0.5453159941447666,0.40204916386283,0.052634846747241684
14,FOMCpresconf20180926.txt,0.6987762274075067,0.21430043155442036,0.08692333405133468
15,FOMCpresconf20211103.txt,0.5206080259376904,0.23607009185207062,0.24332187313802933
16,FOMCpresconf20181219.txt,0.6900385745684616,0.1959239216024192,0.11403750095026528
17,FOMCpresconf20141217.txt,0.7885450340159561,0.010158352873986587,0.2012966105963721
18,FOMCpresconf20221214.txt,0.28212208703509534,0.47729419147362934,0.24058373338426464
19,FOMCpresconf20140917.txt,0.6972646886821497,0.0343700804614028,0.268365228280097
20,FOMCpresconf20231213.txt,0.4629470732694384,0.3820194968250759,0.1550334250272359
21,FOMCpresconf20201105.txt,0.614540002791694,0.007376442665527402,0.37808354733257415
22,FOMCpresconf20150318.txt,0.7045888561617837,0.04982029453689889,0.24559083950093322
23,FOMCpresconf20220727.txt,0.41410483345589455,0.3946002406428306,0.19129492921592828
24,FOMCpresconf20150917.txt,0.5475900106577446,0.09430249225545634,0.3581075081298047
25,FOMCpresconf20230726.txt,0.4547264635233053,0.39176100988988766,0.15351253278980342
26,FOMCpresconf20191030.txt,0.6428908831148874,0.08735694092879734,0.26975217681431857
27,FOMCpresconf20140319.txt,0.7204524083936121,0.009989388249171801,0.2695581999469141
28,FOMCpresconf20240612.txt,0.6013709381550143,0.2406592598831594,0.15796979917331555
29,FOMCpresconf20230322.txt,0.47675460124970415,0.3911668982775882,0.13207848968973848
30,FOMCpresconf20190501.txt,0.687629294182573,0.0712624367782458,0.24110827536233478
31,FOMCpresconf20190918.txt,0.5827809265881244,0.08910701081237805,0.32811205192618736
32,FOMCpresconf20220126.txt,0.5660928248938534,0.37344749434757224,0.06045968384217216
33,FOMCpresconf20151216.txt,0.6818425745220372,0.1491166358604527,0.16904080190040446
34,FOMCpresconf20190731.txt,0.4519900364335626,0.029270942217553966,0.5187390087428503
35,FOMCpresconf20230503.txt,0.6066699722633248,0.2868596294072882,0.10647038491352477
36,FOMCpresconf20190320.txt,0.7729977348353714,0.04104074233934322,0.1859615291080748
37,FOMCpresconf20130619.txt,0.5923171327650097,0.09586407300004543,0.31181879996363243
38,FOMCpresconf20120620.txt,0.4977609391587422,0.005706221987645183,0.4965328440502281
39,FOMCpresconf20220316.txt,0.26105529417741463,0.7295553174184972,0.009389373121064575
40,FOMCpresconf20220504.txt,0.35810925321241555,0.5919612733627079,0.04992946740262246
41,FOMCpresconf20160615.txt,0.6947855515671628,0.0477203050769666,0.2574941395030778
42,FOMCpresconf20220921.txt,0.21054949084646069,0.6403128696382856,0.14913763736346838
43,FOMCpresconf20200429.txt,0.420965761917894,0.016730394526698198,0.5623038404782374
44,FOMCpresconf20210616.txt,0.597519271349644,0.23873440303834606,0.163746321657741
45,FOMCpresconf20170614.txt,0.668055677442285,0.11070918899507809,0.2212351422703764
46,FOMCpresconf20230920.txt,0.4251262013890482,0.4138729238729866,0.16100087897621052
47,FOMCpresconf20210428.txt,0.6186197156675917,0.12462142871936521,0.25675884964948636
48,FOMCpresconf20190130.txt,0.8820459142327308,0.07794848937424831,0.04000561393506359
49,FOMCpresconf20200610.txt,0.4433782869336111,0.027412097922492787,0.5292096016275922
50,FOMCpresconf20180321.txt,0.7027653429540806,0.19577960323476873,0.10145504469346633
51,FOMCpresconf20191211.txt,0.691035811965964,0.04514209161952122,0.2638220999250389
52,FOMCpresconf20120425.txt,0.5492448902926602,0.055748092199792154,0.39500702633480006
53,FOMCpresconf20120913.txt,0.45229451730399606,0.018689738556881472,0.5290157423391625
54,FOMCpresconf20170315.txt,0.6030366117801432,0.2450850304329916,0.15187835145347475
55,FOMCpresconf20210317.txt,0.673227446324959,0.026252963227093192,0.3005195889940403
56,FOMCpresconf20240131.txt,0.5057284437765878,0.2266864289150333,0.26758512092994585
57,FOMCpresconf20130320.txt,0.7681504539796151,0.06707895233064066,0.16477060235982727
58,FOMCpresconf20200729.txt,0.4736847202402714,0.0036208249748597154,0.5226944379232918
59,FOMCpresconf20150617.txt,0.7533279313179462,0.013399413305666278,0.23327265868125402
60,FOMCpresconf20120125.txt,0.7013713317705439,0.007351414547414488,0.2912772452719735
61,FOMCpresconf20190619.txt,0.667329126369926,0.048860189851742085,0.28381066377248015
62,FOMCpresconf20170920.txt,0.5984512007050217,0.10758523531141691,0.29396355787757783
63,FOMCpresconf20210922.txt,0.7207174285625418,0.11541245017045489,0.16387011922439948
64,FOMCpresconf20121212.txt,0.6532261077599186,0.053359721958663106,0.293414165576299
65,FOMCpresconf20230614.txt,0.40087803994247223,0.4863312252287869,0.11279074422151704
66,FOMCpresconf20160316.txt,0.6067055533842548,0.08995440570604683,0.3033400547447736
67,FOMCpresconf20240320.txt,0.5064365356900873,0.30141722907921153,0.19214623508070452
68,FOMCpresconf20160921.txt,0.5603188824257813,0.2385933008498978,0.20108781346702018
69,FOMCpresconf20220615.txt,0.32605094761238435,0.6291871244660191,0.04476193142472766
70,FOMCpresconf20210728.txt,0.5395090097408684,0.2650528347689942,0.19543814095413836
71,FOMCpresconf20230201.txt,0.4588788508716299,0.4073258389040487,0.1337953089790132
72,FOMCpresconf20200315.txt,0.5412886273217105,0.012487290489092551,0.4462240910873769
73,FOMCpresconf20240731.txt,0.6050975736829319,0.17473541318551206,0.22016702837338795
74,FOMCpresconf20200303.txt,0.6507729514560197,0.0014196549818734638,0.3478073943806521
75,FOMCpresconf20200129.txt,0.7207470291759819,0.07680173876384894,0.2024512410411262
76,clarida20190513a.txt,0.8861788884322677,0.006744315980338595,0.107076803539207
77,quarles20210628a.txt,0.9995318700869879,0.0002419659128160371,0.0002261611395321476
78,powell20220617a.txt,0.9670672565698624,0.03028965232988412,0.0026430694215378026
79,waller20230210a.txt,0.9993917584419251,0.00025286566524300723,0.000355388768366538
80,bowman20230922a.txt,0.471928267768817,0.5276077249800437,0.00046405439934460446
81,powell20220928a.txt,0.999653160572052,0.00018339568487135693,0.00016347617201972753
82,quarles20190402a.txt,0.999469884804317,0.00038520293933938125,0.00014492181487314935
83,powell20230928a.txt,0.9995365540186564,0.0002059625160957997,0.0002574819639751998
84,waller20230302a.txt,0.1835614696959965,0.7802039325237274,0.03623459581867792
85,bowman20240724a.txt,0.9992136359214783,0.0005433511978480965,0.00024304424005094916
86,tarullo20170404a.txt,0.9923973105571888,0.0010588599548942443,0.006543824482597066
87,quarles20211202a.txt,0.9183456110954284,0.02644361230835784,0.05521078045712784
88,barr20240227a.txt,0.9991295412182808,0.0005784594322904013,0.0002919792150350986
89,waller20211019a.txt,0.5174682705070485,0.3931514011346735,0.0893803250999719
90,powell20191008a.txt,0.859469001678129,0.05619000882919257,0.08434099123551278
91,waller20231010a.txt,0.91611424108435,0.08356582534075382,0.00031993674825311506
92,fischer20170928a.txt,0.9790380880946205,0.0010283005554118149,0.019933608062967238
93,kugler20240716a.txt,0.9426296423189342,0.025236812282400933,0.03213353376486339
94,brainard20170927a.txt,0.996225865987631,0.0009682655296413801,0.0028058567852265416
95,bowman20240227a.txt,0.88064803142847,0.11833788194395739,0.0010140787798103273
96,powell20160621a.txt,0.9993877013524374,0.00024884013934448984,0.0003634354458578552
97,waller20230713a.txt,0.6524244534097803,0.3449911679292034,0.002584376912140711
98,brainard20220907a.txt,0.3569183899235213,0.6374060305388412,0.005675583237461979
99,bowman20211013a.txt,0.5364271381615915,0.27615745125248475,0.18741541301873935
100,clarida20210113a.txt,0.7778198482202632,0.005231770715909079,0.21694837667590555
101,quarles20181205a.txt,0.9986753563086191,0.00036250142754094367,0.0009621360338011679
102,brainard20201020a.txt,0.9796307682991028,0.004983662669676253,0.015385568604364784
103,powell20160226a.txt,0.8758651815753963,0.0028266392135784762,0.12130820305070042
104,yellen20170328a.txt,0.9984788338343302,0.0003363529176567681,0.0011848202174102576
105,fischer20160210a.txt,0.9657991040836681,0.0019999248774679886,0.032200985672799026
106,powell20200521a.txt,0.9690432846546173,0.0004186489022686146,0.03053802764043212
107,quarles20190603a.txt,0.9991964340209961,0.00035195815144106746,0.0004516169079579413
108,bowman20201204a.txt,0.9996481537818909,0.0002163856614580644,0.0001354903049234833
109,fischer20150327a.txt,0.9991823159731351,0.0004447138232465547,0.0003729515133622604
110,bernanke20120326a.txt,0.6975177536878618,0.0014124054123385577,0.3010698394391511
111,bowman20210803a.txt,0.8022920906543731,0.00032624692539684474,0.1973816713958513
112,bernanke20130408a.txt,0.9479975014925003,0.001227206860979398,0.05077527276152978
113,powell20170420a.txt,0.9308506131172181,0.0012571706261951475,0.067892189414124
114,quarles20181116a.txt,0.9996391534805298,0.00017828830944684645,0.00018254084716318175
115,quarles20201015a.txt,0.7021120038222183,0.039693474682280794,0.2581945112403694
116,cook20231018a.txt,0.8227331281772682,0.044955147962485044,0.132311722945555
117,bowman20221020a.txt,0.9932426363229752,0.00027170760949957184,0.006485655816504732
118,fischer20160103a.txt,0.6667808370103183,0.16766232469201306,0.1655568494598436
119,brainard20151201a.txt,0.3700517921060964,0.09709790171837085,0.5328503044870558
120,powell20161118a.txt,0.8443903215982786,0.004596130347208065,0.15101355900268948
121,quarles20181004a.txt,0.9990022778511047,0.0001475813392062264,0.0008501322008669376
122,stein20131004a.txt,0.9414731291019254,0.005084486649138853,0.05344238827658248
123,fischer20150624a.txt,0.9987958868344625,0.00047532982353004627,0.0007288065656515149
124,bowman20200116a.txt,0.9267288545767466,0.06336756806801229,0.009903586716973223
125,powell20200409a.txt,0.5117045648706456,0.0031167881291670105,0.4851786208649476
126,waller20230420a.txt,0.9996465444564819,0.00021221408574742133,0.00014124641165835783
127,powell20240519a.txt,0.9994969964027405,0.0003229416737061304,0.00018006811418066113
128,clarida20200109a.txt,0.7697407007217407,0.005959035079285968,0.22430030881878338
129,fischer20150829a.txt,0.7051315505988895,0.10615706548924209,0.18871136612651754
130,cook20240710a.txt,0.730526059671926,0.17031765534193255,0.09915629616868198
131,bernanke20131014a.txt,0.7300221145153045,0.22288215082371607,0.047095713057206015
132,bernanke20121014a.txt,0.44461508696743596,0.01115622634824831,0.544228660951679
133,brainard20200806a.txt,0.9993154298175465,0.00046464435449293393,0.0002199434192417274
134,brainard20201201a.txt,0.7252079084515571,0.003590864344732836,0.27120121248008217
135,yellen20140415a.txt,0.9990133047103882,0.0006568490534846205,0.0003298465671832673
136,jefferson20240416a.txt,0.8968752649845555,0.07997293330990943,0.02315181125450181
137,waller20230524a.txt,0.25242175578023307,0.6976667518756585,0.04991149185298127
138,cook20230404a.txt,0.9996937811374664,0.00016943811351666227,0.00013676318121724762
139,bernanke20131002a.txt,0.9996985644102097,0.000156790414621355,0.00014468176595983095
140,raskin20120723a.txt,0.9990535378456116,0.00042275230093351143,0.0005236923111211086
141,brainard20210113a.txt,0.42844939656788483,0.010674345842354731,0.5608762647191595
142,brainard20170301a.txt,0.5737066572675338,0.3159591300410774,0.11033422741233014
143,brainard20201217a.txt,0.9996177852153778,0.00020108775061089545,0.00018113969781552441
144,powell20191004a.txt,0.9115485548973083,0.01691944903480665,0.07153197971638292
145,yellen20171020a.txt,0.6273488685692428,0.15976679512823466,0.2128843411192065
146,powell20220524a.txt,0.9995330572128296,0.00026639099087333307,0.00020057224173797294
147,cook20240614a.txt,0.999647319316864,0.00022086111857788637,0.0001317864425800508
148,brainard20180417a.txt,0.9995452264944712,0.0002488836689735763,0.00020590190373089476
149,brainard20161117a.txt,0.9983985833823681,0.00030647720450360794,0.001294929467348993
150,powell20190212a.txt,0.999235634620373,0.0002617469536534582,0.0005026104940602985
151,bowman20220806a.txt,0.49489331025896327,0.45964138954046313,0.04546530086164629
152,bowman20240207a.txt,0.9979352184704372,0.0010584347931269025,0.001006351748531285
153,powell20170601a.txt,0.7715015726008763,0.14631804167487036,0.08218038044481848
154,tarullo20121128a.txt,0.9992894728978475,0.0002785041081854918,0.00043203334522938047
155,yellen20130404a.txt,0.7383254996384494,0.07474836420442443,0.18692613247503687
156,bowman20231128a.txt,0.34655503066292465,0.41074044400347004,0.24270451783601088
157,tarullo20120410a.txt,0.9174825657497753,0.000729865595613691,0.08178756341592154
158,bowman20241011a.txt,0.9992752291939475,0.0004101488593732938,0.00031462743275121534
159,tarullo20160520a.txt,0.9993511624634266,0.0004253621909811045,0.00022346993591781938
160,waller20210805a.txt,0.9995154192050298,0.00024678911237667006,0.00023779353796271607
161,powell20171102a.txt,0.9992335736751556,0.00024657919675519224,0.0005198592134547653
162,tarullo20120502a.txt,0.9961236823688854,0.0012994992655215108,0.002576834907152013
163,clarida20211108a.txt,0.8483418561518192,0.13665836882501026,0.014999773644376546
164,bernanke20130412a.txt,0.9986812930840713,0.00033897943593239266,0.000979726051110237
165,quarles20190926a.txt,0.9993617236614227,0.00039424885653716046,0.00024403820953011746
166,barr20221201a.txt,0.9975932354018802,0.0012471975074038796,0.001159562822847095
167,quarles20190530a.txt,0.6455577320302837,0.20938168858810968,0.1450605911140883
168,bowman20200819a.txt,0.9994049072265625,0.00037904936471022666,0.00021603094986251867
169,barr20231201a.txt,0.9979442128768334,0.0006984009669395164,0.0013573891225790319
170,yellen20150710a.txt,0.4245982559597386,0.06754617498414259,0.5078555444124504
171,cook20231106a.txt,0.7832218474811978,0.2085549300730539,0.008223231830520995
172,yellen20160826a.txt,0.6340592163995518,0.03151805138063187,0.33442273066835837
173,stein20130926a.txt,0.9124209447340532,0.02515866606501566,0.062420403002099854
174,waller20231026a.txt,0.9993731578191122,0.00045460207911673933,0.0001722220185911283
175,barr20231128a.txt,0.9994842410087585,0.00031808799831196667,0.0001976751271286048
176,bowman20190625a.txt,0.9995877146720886,0.0002035209909081459,0.00020877101087535266
177,powell20160929a.txt,0.9933340820399198,0.0002871472328975373,0.0063787597887726
178,fischer20170620a.txt,0.8111930340528488,0.11387700564682746,0.07492996889686765
179,waller20220909a.txt,0.24326581223576796,0.6712686073500663,0.08546558179077693
180,quarles20190927a.txt,0.9987190018097559,0.0006315522174797176,0.0006494398664168936
181,brainard20200714a.txt,0.4076764312085288,0.001638685645351264,0.5906848699499582
182,bernanke20120413a.txt,0.971036483259762,0.0060617097581545,0.022901823673986226
183,brainard20220930a.txt,0.3480043101590127,0.6383283759932965,0.013667322135006543
184,quarles20211018a.txt,0.9964348375797272,0.0005574711773078889,0.0030077048344537617
185,fischer20151203a.txt,0.8927361868321896,0.06530678602672803,0.04195703981386032
186,bowman20240617a.txt,0.9993757208188375,0.0002625857717551601,0.0003616955824933636
187,tarullo20150928a.txt,0.9985061474144459,0.0006050854940440331,0.0008887686622074398
188,brainard20160414a.txt,0.999652910232544,0.0002321931257029064,0.00011486667426652275
189,powell20150218a.txt,0.9929205910726027,0.0039912313742123924,0.00308818672982108
190,barr20230329a.txt,0.9995659391085306,0.0002935508528025821,0.0001404921398110067
191,tarullo20130503a.txt,0.9987253546714783,0.000608063939580461,0.0006665804292424582
192,clarida20200831a.txt,0.9032931056938001,0.020472849262711992,0.07623404547505613
193,bowman20210623a.txt,0.9341292604804039,0.01895084581337869,0.0469198799401056
194,bowman20240528a.txt,0.8719321755537143,0.017223118036054075,0.1108446932892548
195,brainard20201001a.txt,0.9995482414960861,0.0002584940812084824,0.0001932760569616221
196,brainard20170117a.txt,0.7130477557299085,0.03507106344085724,0.2518811856683057
197,brainard20171213a.txt,0.9977256655693054,0.0005606606951914728,0.0017136410635430366
198,bowman20230807a.txt,0.45300932601094246,0.5441359101387206,0.002854770384146832
199,brainard20181207a.txt,0.6772188380360603,0.2799152274305622,0.0428659397730371
200,bowman20231017a.txt,0.9994927098353704,0.0003120816703206704,0.00019520169310756805
201,powell20180213a.txt,0.7206427504618963,0.274439111953446,0.004918170942498061
202,brainard20171116a.txt,0.9992632522032812,0.0004652277818352629,0.00027152845863243926
203,stein20130419a.txt,0.9628531383840662,0.002792434857263671,0.034354447266531155
204,bowman20200930a.txt,0.9949104956218174,0.0006325609013271917,0.004456954491615761
205,brainard20210112a.txt,0.9995069870581994,0.0002936231735825109,0.0001993996679979878
206,brainard20180912a.txt,0.7164294763097132,0.22147280882381892,0.062097720299789216
207,powell20150625a.txt,0.9995200688188727,0.00032272331406023693,0.0001572160849305378
208,fischer20151002a.txt,0.9971695721149445,0.0006613059355004225,0.0021691376859962475
209,clarida20210325a.txt,0.6101781874895096,0.15902062119130278,0.23080119174846914
210,brainard20171012a.txt,0.7641278292983771,0.15537259026023093,0.08049958055198658
211,brainard20160603a.txt,0.48787224762296927,0.0019342653831699863,0.5101934908937741
212,cook20230106a.txt,0.5701716264510261,0.42478281575313304,0.005045559483863015
213,yellen20150506a.txt,0.9975511978069941,0.0011455545585098055,0.001303260828232548
214,powell20150408a.txt,0.5806171231776137,0.06332470583914653,0.3560581529851664
215,fischer20160821a.txt,0.7364620437845588,0.001969685158110224,0.261568260070635
216,brainard20170711a.txt,0.8373558079714284,0.13151169124038836,0.03113250033964184
217,quarles20210330a.txt,0.9990887774361504,0.0005682675627111974,0.0003429647840675898
218,clarida20210108a.txt,0.6497475157181422,0.02667172973936734,0.32358074373041745
219,clarida20200221a.txt,0.9997176006436348,0.00013429275713860989,0.0001481107638028334
220,jefferson20240513a.txt,0.9994293120172288,0.00037399375772414106,0.0001967067849667122
221,fischer20150330a.txt,0.9879561012441461,0.004672472169411115,0.0073714210818500514
222,clarida20191114a.txt,0.92338596049108,0.007082505176903827,0.06953153800560885
223,kugler20240404a.txt,0.999666326575809,0.00020593054311272377,0.000127748508627216
224,bowman20240709a.txt,0.9991669058799744,0.0005669928214047104,0.0002661186777653971
225,yellen20140822a.txt,0.7251489073969424,0.0116224632722151,0.2632286415544513
226,fischer20170505a.txt,0.9996460500885459,0.00018238659728975857,0.00017154556681977257
227,bowman20230519a.txt,0.999297169121829,0.00031168054027313536,0.0003911533488214693
228,yellen20160606a.txt,0.6640645784540943,0.036193320104050346,0.2997420939827862
229,yellen20150930a.txt,0.9995487183332443,0.0002702668134588748,0.00018100685338140465
230,raskin20130606a.txt,0.9989621134904715,0.0006884865041893835,0.00034940706301802915
231,bowman20240924a.txt,0.14544443958272626,0.5708867857299212,0.28366877141940805
232,fischer20170417a.txt,0.9989689985911051,0.0006514282741894325,0.00037958536559017374
233,quarles20201014a.txt,0.7958760845140205,0.03314547049922112,0.17097845195166883
234,jefferson20230518a.txt,0.40761981674004344,0.5855736867815722,0.006806517753284424
235,powell20141106a.txt,0.9991458425155053,0.0004205423096069493,0.00043361216711883363
236,bernanke20120409a.txt,0.9991485293094928,0.0004524547593274082,0.00039902771935046004
237,quarles20191101a.txt,0.9337604679199608,0.0042444570499355905,0.06199507774605687
238,barr20240709a.txt,0.9993910074234009,0.00044401004706742244,0.00016500025958521292
239,bowman20220221a.txt,0.4012517367722467,0.5984349076839862,0.0003133948121103458
240,bowman20240820a.txt,0.7226662922819908,0.20762364337861072,0.06971008196639807
241,tarullo20140508a.txt,0.9994527883827686,0.0003081065360674984,0.00023912398182801553
242,fischer20161115a.txt,0.9931118871484484,0.0009756603618110862,0.0059124482941115275
243,fischer20170211a.txt,0.9804837306340536,0.0036656749159899643,0.01585058767482729
244,yellen20160329a.txt,0.6206536325043999,0.045262079966455024,0.3340842802159993
245,brainard20201021a.txt,0.4193511913968798,0.030386826032875378,0.5502619982546415
246,cook20240926a.txt,0.8510056246072054,0.021251013527216856,0.1277433654438937
247,barr20230309a.txt,0.9994560778141022,0.00031258574260088306,0.00023133425384003203
248,jefferson20231108a.txt,0.9993378321329752,0.00040131780527493294,0.00026083918783115223
249,tarullo20161202a.txt,0.9895085990428925,0.0018568172573313032,0.008634590892391068
250,brainard20170926a.txt,0.9719499323679053,0.000498276360778381,0.027551786538780383
251,brainard20190621a.txt,0.751378919929266,0.0968102407623519,0.15181083910010784
252,brainard20170530a.txt,0.6961726434257192,0.24031202235200907,0.06351534111987954
253,powell20180927a.txt,0.5290989857167006,0.38961253067827784,0.08128845863393508
254,duke20130509a.txt,0.9872189826435513,0.0036528239919183156,0.009128198286311494
255,powell20191009a.txt,0.6664551887661219,0.0022590457034918168,0.3312857624938867
256,bowman20231109a.txt,0.8463020413917931,0.15278888562246912,0.0009090685600408745
257,yellen20170112a.txt,0.9991263598203659,0.0007302131707547233,0.00014342171016323846
258,brainard20190508a.txt,0.601787522357578,0.006999683741014451,0.3912127865320751
259,brainard20200221a.txt,0.5493106990927897,0.1265804339564056,0.32410885488518815
260,brainard20200108a.txt,0.9996280446648598,0.00016950469694165804,0.00020245187533873832
261,barr20230718a.txt,0.9991728514432907,0.0005321907774487045,0.00029494058253476396
262,waller20230616a.txt,0.2660988576244563,0.5068465788499452,0.2270545951614622
263,powell20190823a.txt,0.7508723443538389,0.14821615061159452,0.1009114930540604
264,cook20230331a.txt,0.28462201928596187,0.588982107641641,0.12639588669117074
265,stein20121130a.txt,0.8557397708562868,0.000961001796115722,0.14329924063037783
266,bowman20220928a.txt,0.9993413686752319,0.00021710182651683377,0.0004415330816603576
267,fischer20140710a.txt,0.9769874992577926,0.0213544180397825,0.0016580872869108925
268,yellen20140501a.txt,0.9966419889376714,0.0011739912347715849,0.0021840068942625434
269,kugler20240618a.txt,0.45604797545820475,0.271719457807194,0.27223258596495725
270,bowman20240515a.txt,0.9995381981134415,0.0002758136070042383,0.00018599738086777506
271,duke20120113a.txt,0.9935765403967637,0.0007330356176960497,0.005690443030639121
272,waller20211117a.txt,0.9994240164756775,0.0003916073983418755,0.0001843862497480586
273,powell20170328a.txt,0.9478980791019765,0.04630802436517306,0.005793896737725989
274,quarles20180326a.txt,0.9991215387980144,0.0005087635887321085,0.0003696965257404372
275,quarles20210225a.txt,0.9894595079951816,0.0005592864100536746,0.009981193231295846
276,yellen20151202a.txt,0.7234467548244682,0.04723730338063385,0.22931593908441228
277,brainard20180515a.txt,0.9994917660951614,0.00027816503643407486,0.0002300870073668193
278,powell20220826a.txt,0.32006790750310754,0.6769396394491196,0.002992457861546427
279,powell20231108a.txt,0.9996092120806376,0.00024057599754693607,0.00015018573564399654
280,brainard20160307a.txt,0.764812523355324,0.002103674676618539,0.233083784361096
281,yellen20170119a.txt,0.9109534580132057,0.028821566430671172,0.06022497527110631
282,powell20181002a.txt,0.7723535024560988,0.16024611033970446,0.06740038905436882
283,tarullo20121010a.txt,0.9989940430969,0.0005053318436694099,0.000500625236554697
284,brainard20150709a.txt,0.9982583607946124,0.0010617399956182843,0.0006799226539442316
285,bowman20240503a.txt,0.24952180609398056,0.7071968676755205,0.043281311889586505
286,quarles20180222a.txt,0.7348067343235016,0.09730263641977217,0.16789064343902282
287,bowman20211019a.txt,0.8051841386726925,0.0009024523917884965,0.19391343775870545
288,bowman20230314a.txt,0.9988461174070835,0.0005548346243813285,0.0005990522909087304
289,quarles20190222a.txt,0.9353043536345164,0.014155240746428413,0.05054041677794885
290,stein20131018a.txt,0.976349863741133,0.004577999950722895,0.019072134081701126
291,brainard20181017a.txt,0.998953328891234,0.0005875266625397754,0.00045914948648053473
292,cook20231116a.txt,0.674785393817001,0.25512174999021225,0.07009285124222515
293,quarles20181018a.txt,0.8552985009219911,0.1294731940255992,0.01522830305232977
294,bernanke20130510a.txt,0.9619852714240551,0.001668071682615846,0.03634666909965745
295,tarullo20151105a.txt,0.9987425274319119,0.000324219252636087,0.000933254646952264
296,bernanke20120510a.txt,0.8510531139644709,0.10222824547699103,0.04671864210765555
297,brainard20210302a.txt,0.5623580211152633,0.061545592254131205,0.37609637062996626
298,powell20150209a.txt,0.8711709116760176,0.001600243540451629,0.1272288500185823
299,brainard20190201a.txt,0.9996358275413513,0.00022062651987653226,0.00014352761791087688
300,powell20150120a.txt,0.9996559023857117,0.00018496784468879923,0.00015913943813454048
301,brainard20210601a.txt,0.7189302522366723,0.15292164937440808,0.1281481027477779
302,brainard20181113a.txt,0.9995544105768204,0.00026196966973657254,0.0001836194796851487
303,bowman20230512a.txt,0.9396065787942562,0.056470198414091205,0.003923227672607431
304,powell20181203a.txt,0.9948059916496277,0.0023537761735497043,0.002840244342223741
305,bowman20240305a.txt,0.9993452959590488,0.00036488392571401264,0.00028982001337377977
306,brainard20161202a.txt,0.999551127354304,0.0002751445487471453,0.00017373409415692245
307,tarullo20160926a.txt,0.9720817542076111,0.0005923769681248814,0.027325874243106226
308,fischer20170627a.txt,0.8341325778514147,0.16422584240935975,0.0016415691672591493
309,yellen20141107a.txt,0.26139755805488674,0.09447830409626476,0.6441241859167348
310,stein20140321a.txt,0.8500984323211014,0.03233941399739706,0.11756215192872332
311,waller20220324a.txt,0.5768882572989572,0.32249996543396264,0.10061175834165294
312,kugler20240301a.txt,0.6455751217573005,0.25746731481323126,0.09695755175112829
313,powell20180824a.txt,0.8562675952201798,0.12196249548530129,0.021769917031633668
314,yellen20140331a.txt,0.603325186852509,0.001987907220609486,0.39468691968627706
315,fischer20161104a.txt,0.5700875902548432,0.3323701399688919,0.09754222167733435
316,bowman20230420a.txt,0.7793212831020355,0.21678329742280766,0.0038954322662902996
317,powell20190520a.txt,0.8070946211616198,0.1894568154772666,0.003448548995947931
318,quarles20180516a.txt,0.9992686331272125,0.00028447758522816003,0.0004468874845770188
319,brainard20220405a.txt,0.7023106479139712,0.2967189443924536,0.0009704153870608514
320,bowman20240108a.txt,0.850592295328776,0.14130784461546378,0.008099869056119738
321,clarida20190411a.txt,0.9918586611747742,0.003423515197937377,0.00471783964894712
322,clarida20210512a.txt,0.5338230083386103,0.2961062159398959,0.17007079067116138
323,clarida20190503a.txt,0.9994463405825875,0.0003064484130432406,0.0002472140493575187
324,bowman20220318a.txt,0.9974480271339417,0.0023023297981126234,0.00024964271869976074
325,powell20150803a.txt,0.9995659232139588,0.00020272609981475398,0.00023133882059482857
326,yellen20150327a.txt,0.43527950841764157,0.15427189007327383,0.41044860429445346
327,bowman20240626a.txt,0.7927281164606526,0.20534854911040218,0.0019233417525273662
328,jefferson20230227a.txt,0.65763019467704,0.2666782920032347,0.07569151474945102
329,tarullo20131122a.txt,0.9981274674920475,0.0008979749177609954,0.0009745627946412081
330,powell20231201a.txt,0.49971191327009973,0.4978870942092423,0.0024010206543607637
331,bowman20240718a.txt,0.9989695506436485,0.0003903835895471275,0.0006400598956263691
332,waller20231128a.txt,0.5117663127239211,0.42747389536816627,0.06075979996967362
333,quarles20211005a.txt,0.9987310171127319,0.0004806178039871156,0.0007883549478719942
334,bowman20190402a.txt,0.9964399039745331,0.0032389570096711395,0.00032116278362082085
335,barr20230908a.txt,0.9995519717534384,0.00032869431500633556,0.00011934887030899215
336,yellen20140521a.txt,0.9924881458282471,0.0025965249114960898,0.0049153386207763106
337,brainard20210524a.txt,0.9993995328744253,0.00025187905460673693,0.0003485856674766789
338,powell20170830a.txt,0.9995600836617606,0.00023165148325330977,0.000208273645382308
339,powell20151117a.txt,0.9993944217761358,0.00032818694550466415,0.000277404347192108
340,clarida20191001a.txt,0.9997567534446716,0.00014204092440195382,0.00010120365914190188
341,bernanke20121120a.txt,0.4015248966307434,0.017531623771099153,0.5809434969526004
342,brainard20220829a.txt,0.9994947165250778,0.0003909132719854824,0.00011438108049333096
343,cook20230121a.txt,0.99947789311409,0.00033654684375505894,0.00018554542621131986
344,kugler20240403a.txt,0.6003937027734619,0.19876671908026433,0.200839577659446
345,duke20130308a.txt,0.8081491496879607,0.027096462478948525,0.16475439786590867
346,cook20240222a.txt,0.6751702935434878,0.22979019762318453,0.09503951255332636
347,clarida20191112a.txt,0.7530779003217403,0.04292413356435847,0.20399797034716122
348,quarles20191003a.txt,0.9989988045258955,0.0007339595441325483,0.000267240544913379
349,quarles20210711a.txt,0.9993845621744791,0.0004922015020080531,0.00012325315401540138
350,bowman20220817b.txt,0.9043116807937622,0.005029557509988081,0.0906587528064847
351,cook20240625a.txt,0.30890431662555784,0.2730174775933847,0.41807822143891826
352,quarles20210526b.txt,0.5379047308427592,0.30908862967650447,0.1530066309387621
353,brainard20191108a.txt,0.9709863525170547,0.02862191844570379,0.0003917238511628686
354,yellen20170303a.txt,0.4270506039247266,0.1938695673352413,0.37907981743956043
355,duke20121109a.txt,0.9991662949323654,0.00034993183635378955,0.000483768283174868
356,powell20150204a.txt,0.9995235999425253,0.00026025663828477263,0.00021613996068481356
357,stein20131107a.txt,0.9976986580424838,0.0007944608522747229,0.0015068866648814743
358,barr20231027a.txt,0.9996417164802551,0.00023644277462153696,0.00012184356273792218
359,yellen20160929a.txt,0.9992942810058594,0.00054243945730074,0.00016329059629545858
360,stein20140228a.txt,0.9778637073256753,0.018934726660187483,0.0032015594829731112
361,tarullo20150430a.txt,0.9996163206441062,0.0001790525696248681,0.00020461448730202392
362,stein20140506a.txt,0.9447924769841708,0.005870786312488445,0.049336737904433485
363,clarida20200616a.txt,0.4394068064478536,0.014603174897880914,0.5459900382411433
364,quarles20200707a.txt,0.7415600596661014,0.0029982514928893317,0.2554416867143508
365,brainard20210323a.txt,0.9968529893801763,0.0028017501015431033,0.00034525929088256537
366,bowman20240627a.txt,0.8070807742505249,0.19056297394589902,0.0023562377226136796
367,waller20220714a.txt,0.22766315413702448,0.6522008572091264,0.12013599232490048
368,quarles20200117a.txt,0.9994387718347403,0.00033415627079263615,0.0002270623366572321
369,powell20170626a.txt,0.9362332820892334,0.06205833517378778,0.0017083675775211304
370,stein20130628a.txt,0.9629449745019277,0.0025779849844790683,0.034477053978965465
371,fischer20161017a.txt,0.6975598057642028,0.003831722771296468,0.2986084887829334
372,brainard20180518a.txt,0.9663060264928001,0.03290375126484183,0.0007902264468222191
373,powell20131003a.txt,0.9994214713573456,0.00027889382909052074,0.00029966650690766984
374,fischer20150526a.txt,0.8841894038021565,0.026884795743535507,0.08892579634084541
375,clarida20190328a.txt,0.6983874380433311,0.0007405617135292334,0.3008720029020979
376,fischer20160201a.txt,0.6490068473697951,0.15749995236304434,0.19349321678358442
377,powell20200619a.txt,0.7808810174465179,0.0009132527193287387,0.21820574723824393
378,tarullo20141020a.txt,0.9988238414128622,0.0008562892344343709,0.00031986297290131915
379,yellen20170505a.txt,0.9981343102455139,0.0003216405454440974,0.0015440567626501434
380,bowman20220817a.txt,0.9995985201426915,0.0002663146733539179,0.00013515691119079878
381,bowman20211022a.txt,0.9940013363957405,0.0003874060894304421,0.005611256608972326
382,jefferson20230512a.txt,0.8142855800688267,0.1219918960114228,0.06372253339577583
383,quarles20210526a.txt,0.9995196546827044,0.00022323500992830044,0.0002571033692220226
384,quarles20200619a.txt,0.874761912971735,0.001597175869392231,0.12364092115421954
385,brainard20211007a.txt,0.9973326424757639,0.0023698746590525843,0.0002974773008948735
386,clarida20211119a.txt,0.8673789341623585,0.0031501271689194253,0.12947094269426696
387,waller20240524a.txt,0.9261766442885766,0.051749664108054,0.02207368155695104
388,bowman20210222a.txt,0.9870282858610153,0.0008730545669095591,0.01209870727325324
389,powell20140930a.txt,0.9848947922388712,0.0014510736412679155,0.013654150815758234
390,barr20240216a.txt,0.9986732547933405,0.0007929058430652896,0.000533838789455
391,brainard20190312a.txt,0.9996122966210047,0.0001786042927657642,0.00020909542521015587
392,brainard20191016a.txt,0.999395813792944,0.000316664916681475,0.0002875220943678869
393,brainard20220218a.txt,0.9995057528669183,0.00034454148209823126,0.00014970147722951052
394,bowman20231011a.txt,0.8617169020697475,0.12022242808307056,0.0180606688853004
395,brainard20210323b.txt,0.7043671869799834,0.01961236787346107,0.27602046785283496
396,brainard20170428a.txt,0.999296649144246,0.0004253659460048836,0.00027799130979334365
397,powell20161129a.txt,0.4979603004587047,0.11588959056997042,0.38615010596678234
398,yellen20170323a.txt,0.9996112704277038,0.0001963473332580179,0.00019235992804169654
399,powell20151120a.txt,0.9996464997529984,0.00022733946389053017,0.00012615998821274843
400,powell20231109a.txt,0.5014898648005328,0.3900875499857648,0.10842258468983346
401,yellen20170118a.txt,0.5674305266467854,0.15090026455873157,0.2816692133805191
402,bernanke20130301a.txt,0.5633770008684628,0.03875906517755033,0.3978639567471368
403,duke20120515a.txt,0.9006070523307874,0.004640896719558021,0.09475204415726833
404,bowman20240810a.txt,0.8234606525751159,0.1592226799479891,0.017316675785182537
405,barr20230207a.txt,0.9986739026175605,0.0005581499927858305,0.0007679484790262197
406,powell20190311a.txt,0.9986347854137421,0.0007331822416745126,0.0006320241955108941
407,powell20190604a.txt,0.8928686896195779,0.0061267639326755535,0.10100455264462373
408,jefferson20231114a.txt,0.9976674685111413,0.0016312088779299161,0.0007013234571786597
409,bernanke20130602a.txt,0.9994563261667887,0.00032995973742799833,0.00021372664681014916
410,yellen20130602a.txt,0.9981395502885183,0.0011130458491000657,0.0007473892765119672
411,brainard20200505a.txt,0.9995984435081482,0.0001775383425410837,0.00022399763838620856
412,powell20190716a.txt,0.7533811929170042,0.0015881573235674296,0.24503061949508265
413,kugler20241008a.txt,0.6700085813645273,0.29830315310183714,0.03168826758181759
414,bowman20231007a.txt,0.7775683222248012,0.222170375942369,0.0002612830948136333
415,bowman20230303a.txt,0.9964895993471146,0.0007906053215265274,0.0027197695308132097
416,bernanke20130710a.txt,0.9875475214077876,0.00816997284486066,0.004282521208481809
417,brainard20181003a.txt,0.9990719437599183,0.0006879575405037031,0.00024010807828744873
418,yellen20130416a.txt,0.4070395672111772,0.1912146470771404,0.40174580199818594
419,waller20210513a.txt,0.3239316321754207,0.4588769430572736,0.21719140198547393
420,brainard20190307a.txt,0.4181157471211918,0.025240702363589662,0.5566435552682378
421,bowman20240215a.txt,0.9991879138079557,0.0006076940599913624,0.00020438499103130943
422,powell20210817a.txt,0.9993847409884135,0.00015549889455238977,0.0004597597774894287
423,powell20181128a.txt,0.9471028915473393,0.04618581982504111,0.006711290390480177
424,bowman20240307a.txt,0.7141210315582741,0.2851694540607111,0.0007095191956198375
425,powell20200513a.txt,0.3045036622012655,0.016690755447295185,0.6788055904520055
426,yellen20141017a.txt,0.9606990968542439,0.001813315903356332,0.037487577204956324
427,cook20221006a.txt,0.3101045870010109,0.5541776535579369,0.13571777377260982
428,yellen20170926a.txt,0.8591718660810819,0.023469098451105543,0.11735903006942514
429,quarles20180719a.txt,0.9994467922619411,0.0002419528505665117,0.0003112585119587103
430,cook20230928a.txt,0.9996137320995331,0.00023679175501456484,0.0001495280521339737
431,yellen20140305a.txt,0.9970250725746155,0.0016669868491590023,0.00130794859433081
432,quarles20171130a.txt,0.9994653999805451,0.00034786914475262167,0.00018674102175282316
433,powell20180406a.txt,0.7155198625909786,0.09826486332264418,0.1862152726680506
434,tarullo20141107a.txt,0.9994890789190928,0.00019602326655230072,0.0003148866627371818
435,powell20240823a.txt,0.5696058965130599,0.27152572945616316,0.1588683877729208
436,powell20130627a.txt,0.567773756679214,0.15212625455959433,0.28009998771761146
437,bowman20231205a.txt,0.9993270933628082,0.00044834428263129666,0.00022455793259723578
438,yellen20140702a.txt,0.9059242606163025,0.03977179581895197,0.054303938075249525
439,brainard20181015a.txt,0.9994132965803146,0.00024894449234125204,0.0003377506509423256
440,bowman20230414a.txt,0.9949158504605293,0.0005376164735935163,0.004546532226413547
441,brainard20190805a.txt,0.9993812739849091,0.00046026882191654297,0.0001584387857292313
442,bowman20221012a.txt,0.669827110823602,0.2005950515942039,0.12957783134725803
443,powell20170107a.txt,0.7032775931126837,0.019123480739965868,0.27759892705424655
444,yellen20140515a.txt,0.9814845323562622,0.016275936330202967,0.002239540684968233
445,cook20241001a.txt,0.9995949051596902,0.0002583497407613322,0.00014676023287889123
446,quarles20190109a.txt,0.9994944388216193,0.0003125187821834433,0.00019302349392091855
447,bernanke20131114a.txt,0.999254435300827,0.0003655944892670959,0.00038000582571839914
448,quarles20180627a.txt,0.9990736365318298,0.0006572561411303468,0.0002691100671654567
449,barr20231116a.txt,0.8196658700704574,0.17880472636461492,0.0015294039258151315
450,waller20231018a.txt,0.2949521465759192,0.5654143886973283,0.13963345888104023
451,tarullo20151202a.txt,0.9995715419451395,0.00026975963555742055,0.00015869664154403532
452,clarida20181127a.txt,0.8788015246391296,0.11843287248242025,0.0027656000626545088
453,bowman20240405a.txt,0.43883629474102664,0.3579937796656802,0.20316992038753692
454,raskin20130418a.txt,0.8013013755706581,0.02338040648771168,0.17531820940616613
455,brainard20150930a.txt,0.9996101036667824,0.0001760088116498082,0.00021389538278526743
456,fischer20151011a.txt,0.6184737458825111,0.14549316596821882,0.23603311632177792
457,bernanke20120314a.txt,0.9989759683609009,0.00024075336405076085,0.0007832634320948273
458,fischer20141011a.txt,0.8402034236490726,0.06716443134355359,0.09263214504928328
459,jefferson20221117a.txt,0.7853661042638123,0.20569217939628287,0.008941722300369293
460,waller20220218a.txt,0.9977291623751322,0.0014193433210796986,0.0008514991883809367
461,waller20240819a.txt,0.9990129768848419,0.0007722239788563456,0.00021478934650076553
462,bowman20231004a.txt,0.9980130195617676,0.00043763861176557837,0.00154933880015354
463,barr20221012a.txt,0.9994986355304718,0.000351316995875095,0.00015005215118435444
464,bowman20240517a.txt,0.8371072305688778,0.16254113602357953,0.0003516477769992959
465,clarida20210224a.txt,0.6987370565533638,0.032573519845027474,0.268689414486289
466,kugler20240925a.txt,0.46574164023816894,0.3370656600454822,0.19719270291777016
467,tarullo20150130a.txt,0.9990419507026672,0.00045714069856330755,0.0005009238807057652
468,clarida20211012a.txt,0.8522258454135486,0.1344086247388207,0.01336551112347349
469,waller20240301a.txt,0.791126847696992,0.05270393505186523,0.15616921034569925
470,fischer20150227a.txt,0.7153617954916425,0.14483457764274338,0.13980361849664608
471,yellen20171004a.txt,0.999551385641098,0.00023411260190187022,0.0002145202088286169
472,cook20240325a.txt,0.7123354138806463,0.24212376755313017,0.04554083116624194
473,jefferson20240520a.txt,0.662611122139626,0.2766399293339216,0.06074896250680063
474,clarida20201116a.txt,0.901948032900691,0.009147047489022953,0.08890491436704906
475,brainard20150402a.txt,0.9018365249914282,0.04820192190056653,0.04996154680659803
476,bowman20220623a.txt,0.20879297196515836,0.774050963006448,0.01715609836828662
477,powell20230629a.txt,0.7357293014744452,0.2373552910333577,0.026915406264985602
478,bowman20230418a.txt,0.9995342322758266,0.0002475194118492904,0.00021826059154201566
479,bowman20190904a.txt,0.9987570643424988,0.0006180830969242379,0.0006248051504371688
480,powell20171018a.txt,0.9995913830670443,0.00029647763453381646,0.00011213355504547839
481,fischer20150323a.txt,0.7780154427746311,0.008893261932826135,0.21309129071814822
482,quarles20200211a.txt,0.9994519799947739,0.00035604123877419624,0.00019199285543436417
483,bowman20211129a.txt,0.998859092593193,0.0005868166772415861,0.0005540884631045628
484,quarles20190410a.txt,0.9995577732721964,0.0002677633116642634,0.00017445321039607128
485,fischer20151119a.txt,0.9955791756510735,0.001260196369003097,0.0031606068987457547
486,powell20170222a.txt,0.8151442696742545,0.002881466632640116,0.1819742641395847
487,yellen20140325a.txt,0.9971264898777008,0.002526266034692526,0.0003472181924735196
488,brainard20190223a.txt,0.9994841814041138,0.00019397349630404884,0.0003218453530280385
489,bowman20220930a.txt,0.9986433138449987,0.0008028327065403573,0.000553858935139336
490,powell20131104a.txt,0.825915497004254,0.09012851847312829,0.08395597496634027
491,bowman20230822a.txt,0.985684851805369,0.0046907011565053836,0.00962447950829907
492,waller20221014a.txt,0.9994015693664551,0.00026332284323871136,0.0003351053426740691
493,jefferson20240222a.txt,0.6550030061334837,0.1592123543669004,0.18578463054533736
494,powell20190308a.txt,0.9144482287681766,0.008546587780276442,0.07700519242118592
495,kugler20240207a.txt,0.31892063288833017,0.41459250857587904,0.26648686759290285
496,brainard20210224a.txt,0.8683377039534125,0.0043864620020031,0.1272758394717874
497,tarullo20140409a.txt,0.9300854653120041,0.03500650167148302,0.034908027016677404
498,raskin20130228a.txt,0.9984129071235657,0.0003954110230552033,0.0011916740181429001
499,brainard20151012a.txt,0.34579909651490326,0.08469006531543398,0.5695108471866531
500,quarles20190328a.txt,0.9990427047014236,0.0007287001438574711,0.00022860049527177276
501,powell20130304a.txt,0.9978544990221659,0.0007721010498547306,0.0013733991305343806
502,clarida20190110a.txt,0.890419036721472,0.013149633926910941,0.0964313371620268
503,powell20240403a.txt,0.8361804962158204,0.16070941100770142,0.0031100894630071707
504,jefferson20231009a.txt,0.40053017500654925,0.5407240395205528,0.058745793744622334
505,bowman20230926a.txt,0.9239980181058248,0.07508295324320595,0.0009190450558283677
506,powell20161130a.txt,0.979277953505516,0.0005555014442506945,0.020166536618489772
507,bowman20201001a.txt,0.8320022597908974,0.0006529223610414192,0.1673448016608745
508,waller20240116a.txt,0.44502045307308435,0.32126965441016686,0.23370991264366442
509,stein20121217a.txt,0.8829713336059025,0.09162423850960165,0.02540442753421043
510,waller20211119a.txt,0.37221282530226746,0.5506805364275351,0.07710664432524936
511,jefferson20230531a.txt,0.8114114209311083,0.16901266016066074,0.01957591228832219
512,clarida20190517a.txt,0.9996022780736288,0.00025783762976061553,0.00013990458683110774
513,tarullo20140327a.txt,0.9993894838151478,0.0003365044841692517,0.000274018098328573
514,brainard20191218a.txt,0.9995092749595642,0.0002633206830877397,0.00022740629113589725
515,clarida20210414a.txt,0.8829896602341357,0.011299016866199536,0.10571132995605961
516,yellen20140918a.txt,0.9763225714365641,0.017547168400293838,0.0061302676719302935
517,powell20130702a.txt,0.7021249886602163,0.16757522722279342,0.1302997967771565
518,bowman20230531a.txt,0.6723193271706501,0.32689664338734775,0.0007840749676688574
519,duke20120720a.txt,0.6400304260767169,0.07149007858727903,0.2884794934620408
520,bowman20230927a.txt,0.9993561625480651,0.0003711580007802695,0.0002726764651015401
521,powell20210924a.txt,0.9993227422237396,0.00020076653163414448,0.0004764948389492929
522,bowman20210216a.txt,0.9992975989977518,0.00035764633988340694,0.0003447681713926916
523,brainard20150602a.txt,0.5231206248281524,0.004074754767564379,0.4728046273243804
524,powell20140904a.txt,0.9980200976133347,0.00037889782167136826,0.0016010139812957884
525,waller20240906a.txt,0.4038470167433843,0.18880730045020755,0.40734566040191567
526,quarles20190329a.txt,0.928654473561507,0.06691998481759444,0.0044255354363345895
527,brainard20170522a.txt,0.9880026984214783,0.0008870555087924003,0.011110235029482282
528,duke20120327a.txt,0.9938840627670288,0.0008223630386055448,0.005293565879401285
529,brainard20210730a.txt,0.21050953360584876,0.5821740226092516,0.207316425939401
530,quarles20201211a.txt,0.999145556898678,0.00035643576291691074,0.0004979898461469394
531,fischer20160307a.txt,0.8856456082452226,0.0007270491230344676,0.11362733998006054
532,powell20210318a.txt,0.9994547367095947,0.00040166027611121535,0.00014360416389536113
533,tarullo20140625a.txt,0.9986433704694112,0.00029774851961216576,0.001058889394334983
534,barr20231009a.txt,0.9953906387090683,0.003981269060204795,0.0006280848028836772
535,waller20231107a.txt,0.999144047498703,0.00033974633455121267,0.0005162122385324134
536,bowman20190211a.txt,0.9974621534347534,0.002250487649386438,0.0002873765067003357
537,brainard20191126a.txt,0.5881967994355364,0.08956727699205658,0.3222359343926655
538,bowman20240625a.txt,0.6487091553826758,0.22991320710843866,0.1213776287086148
539,yellen20151020a.txt,0.9995241165161133,0.00032189451546097797,0.0001540063094580546
540,bernanke20131119a.txt,0.7268472417199519,0.03086391193937743,0.2422888562703685
541,brainard20181203b.txt,0.9971936444441477,0.0004285533820317748,0.002377798774735614
542,fischer20161111a.txt,0.6504334608408888,0.25123037858845365,0.09833616612325256
543,tarullo20160712a.txt,0.9947156459093094,0.004027079272418632,0.0012572681062010815
544,bernanke20120323a.txt,0.9995984037717184,0.0002287436849049603,0.000172848745326822
545,cook20230421a.txt,0.6641178986589823,0.25542252494986833,0.08045958419305473
546,jefferson20230224a.txt,0.7215058245082301,0.26428814623399044,0.014206028663796711
547,bowman20230622a.txt,0.7298927213560091,0.2682489207072649,0.0018583422715892084
548,raskin20120301a.txt,0.3802301980063526,0.037079664170353986,0.5826901395679064
549,tarullo20140609a.txt,0.9991117656230927,0.0005195152458327357,0.00036870484000246507
550,brainard20210927a.txt,0.3967845346778631,0.199621814720255,0.4035936512421661
551,bernanke20120724a.txt,0.9995445758104324,0.0002805729272949975,0.00017483771807746962
552,stein20140103a.txt,0.9987414510626542,0.0003213694703605908,0.0009371958371239567
553,clarida20190605a.txt,0.9986594021320343,0.0007450105040334165,0.0005955516280664597
554,yellen20150522a.txt,0.5755426475467781,0.030074561547129026,0.3943828019934396
555,powell20191125a.txt,0.7634831117466092,0.03246580804867941,0.20405106755303373
556,barr20240520a.txt,0.9217809519984506,0.03345085862383712,0.04476820695973319
557,bowman20240920a.txt,0.0010128559079021215,0.9977267980575562,0.0012603645154740661
558,powell20141114a.txt,0.9979203343391418,0.0006146142679628812,0.0014650405581859457
559,quarles20180305a.txt,0.9994988938172659,0.00025868888284700614,0.0002424061082516952
560,quarles20200206a.txt,0.7772702508450796,0.012175532470670684,0.21055420119519114
561,clarida20190701a.txt,0.9246926754713058,0.018025099786464126,0.057282234382873866
562,powell20230110a.txt,0.9990319848060608,0.0007810577721102163,0.0001869618339696899
563,cook20230505a.txt,0.999419343471527,0.00033672280551400036,0.00024392750201513992
564,cook20240607a.txt,0.9991442680358886,0.0006912827317137271,0.0001644591538934037
565,clarida20200225a.txt,0.9751152396202087,0.01862880602129735,0.006255949367186986
566,powell20170405a.txt,0.9994781812032064,0.00026116316924647737,0.000260625165537931
567,powell20201006a.txt,0.35564186478898463,0.003433786810741627,0.640924345968025
568,yellen20121011a.txt,0.4114008439704776,0.01925724111497402,0.5693418939597905
569,fischer20150601a.txt,0.8997181643332753,0.007010746547686202,0.0932710898663832
570,bowman20221117a.txt,0.9989994466304779,0.0007278173895125898,0.00027273893404829624
571,brainard20190516a.txt,0.6007320488029758,0.19174703567426019,0.20752092991148988
572,barr20230710a.txt,0.9958842098712921,0.0029629310960849076,0.0011528743832766647
573,bowman20230213a.txt,0.8978495668328833,0.10189159066794673,0.00025883045309456066
574,powell20210210a.txt,0.7100116745103151,0.009512862118329697,0.2804754651617259
575,powell20160628a.txt,0.7307100843638181,0.04492789339856244,0.22436202481330839
576,clarida20190222a.txt,0.8876660479740663,0.018924931092029015,0.09340902083931724
577,powell20230825a.txt,0.2109240668101443,0.5713542923331261,0.21772164579791328
578,bowman20200826a.txt,0.6044110315186637,0.0009593301926672991,0.3946296120993793
579,bowman20211108a.txt,0.672787397634238,0.2555545412324136,0.07165808802619722
580,yellen20130211a.txt,0.6210088593707908,0.004464030155282845,0.3745271173261461
581,cook20230513a.txt,0.9993878432682582,0.0004129743610974401,0.00019916759213499193
582,bernanke20121115a.txt,0.8059298782609403,0.00942375435708807,0.18464637512135176
583,powell20231019a.txt,0.35580917210318147,0.624378983391216,0.019811850413680075
584,bowman20240625b.txt,0.9996250867843628,0.00023966726439539343,0.00013523156424829116
585,quarles20210322a.txt,0.9983917048999241,0.0006301650054021073,0.0009781206608749926
586,brainard20181203a.txt,0.9992252786954244,0.000183464247432615,0.0005912550801036155
587,duke20120106a.txt,0.6082388217871387,0.036264174555738764,0.3554970081119488
588,brainard20210511a.txt,0.7767287649214267,0.04548800992779434,0.17778322697849944
589,brainard20201117a.txt,0.9993996421496073,0.00031285625947121944,0.0002875165769688061
590,yellen20151112a.txt,0.9996968805789948,0.00017018549260683358,0.00013293326628627256
591,bowman20240202a.txt,0.8191731309899214,0.18035875632168344,0.0004681066619179381
592,barr20240214a.txt,0.7789155965050062,0.07415431444274469,0.1469300735269725
593,waller20230331a.txt,0.9730053782463074,0.025633430457673967,0.0013612163122161292
594,tarullo20121204a.txt,0.998876656804766,0.00035717592254513875,0.0007661652707611211
595,barr20220907a.txt,0.9978445053100586,0.001210575710865669,0.0009449048709939234
596,brainard20210301a.txt,0.8879747529729054,0.007663432685568785,0.10436180477084306
597,clarida20191018a.txt,0.7691567153669894,0.20673786987899803,0.024105439730919897
598,powell20240930a.txt,0.4667710158973932,0.1496087353055676,0.3836202196155985
599,cook20240514a.txt,0.9982678719929287,0.0007814425314011585,0.000950690358877182
600,quarles20181109a.txt,0.9994656551967968,0.00027595377204389394,0.0002583759143652225
601,clarida20190520a.txt,0.8391815496919056,0.02599632645069505,0.13482212089669096
602,quarles20180718a.txt,0.999432298872206,0.0002884031952514003,0.00027930032956646755
603,brainard20211013a.txt,0.9780090376734734,0.0009883276602522528,0.021002646208216902
604,fischer20160223a.txt,0.7259042103375707,0.24711442754778545,0.026981354081986604
605,bowman20241002a.txt,0.9992180109024048,0.00028684619901468976,0.0004951410042849602
606,powell20240926a.txt,0.9994817078113556,0.00031732463685330003,0.00020093904458917677
607,brainard20180306a.txt,0.6209078876094686,0.31460153861230034,0.06449055011358319
608,brainard20220719a.txt,0.9977507442235947,0.0004164058937021764,0.0018328102742088959
609,brainard20200205a.txt,0.9995093601090568,0.00028434010268288797,0.00020628246576442116
610,clarida20201014a.txt,0.7765071560473492,0.014265652828422995,0.2092271950726475
611,powell20180508a.txt,0.9775510728359222,0.0005870212765633672,0.021861889967719133
612,raskin20130717a.txt,0.7338258808908554,0.2602360997295294,0.005938013027144524
613,cook20231108a.txt,0.7436799865422977,0.19300729839273523,0.06331272535155424
614,brainard20180531a.txt,0.6193565163495285,0.20584174503268773,0.17480173306830693
615,jefferson20230327a.txt,0.8379158454420241,0.1257513649746359,0.03633278572861424
616,waller20240215a.txt,0.996620850129561,0.0012044125866271895,0.0021747373936126346
617,yellen20161014a.txt,0.8985225651413202,0.0005544372246367857,0.10092299193318467
618,brainard20141203a.txt,0.8991610685984294,0.06692245654412546,0.03391648713926164
619,quarles20191114a.txt,0.9992827624082565,0.0005126935175212566,0.00020451189266168512
620,jefferson20241008a.txt,0.9295650448869256,0.015833709437763046,0.054601248818525
621,quarles20190210a.txt,0.9992235600948334,0.000598121161601739,0.0001783122397682746
622,cook20230922a.txt,0.9996084272861481,0.00021041374808798233,0.00018115008181969947
623,bowman20210505a.txt,0.6013352326117456,0.13363234107964672,0.2650323936250061
624,waller20230414a.txt,0.348152613635951,0.6299935791563863,0.021853817510418594
625,bowman20230625a.txt,0.9979403614997864,0.0013566844238940736,0.0007029446980381823
626,quarles20190206a.txt,0.9992655430521283,0.0004596979509057876,0.0002747512595046179
627,tarullo20130222a.txt,0.953754601875941,0.044765213495702484,0.0014801953109175277
628,clarida20191101a.txt,0.756315328925848,0.029828363328124396,0.2138563003289164
629,fischer20150630a.txt,0.7864345170479888,0.07853701546506879,0.13502847538135634
630,brainard20210218a.txt,0.9989152471224467,0.0008462001967321461,0.00023854754448014622
631,bernanke20130518a.txt,0.9989229308234321,0.00029293941689603444,0.0007841281136885906
632,powell20160526a.txt,0.6344566735820586,0.05842914816942842,0.307114173358261
633,bowman20190328a.txt,0.9264583124054803,0.0015259256195147624,0.07201575408948378
634,quarles20180226b.txt,0.9995268185933431,0.0003130863963936766,0.00016008568006024385
635,jefferson20231019a.txt,0.9996155202388763,0.00019613225958892144,0.00018834028742276132
636,tarullo20131018a.txt,0.9948519633875953,0.0009824873939376427,0.004165537082169774
637,raskin20130516a.txt,0.46528459296942776,0.0012851900001723234,0.5334302255928791
638,powell20190709a.txt,0.9995299975077311,0.0002864341707512115,0.0001835535125186046
639,brainard20180419a.txt,0.7491729202576809,0.24640213951028678,0.004424969363349697
640,brainard20150701a.txt,0.9969964325428009,0.0007776787557910817,0.0022258857594958195
641,bowman20231018a.txt,0.8567432165145874,0.14231138595399292,0.0009454042277260063
642,powell20200827a.txt,0.7151109851370363,0.07786529353546465,0.20702372238441097
643,powell20210827a.txt,0.5971219721832313,0.1508103384376227,0.2520676984695456
644,powell20170623a.txt,0.9778851509094239,0.004048199948738329,0.018066666309702367
645,quarles20180504a.txt,0.958696166674296,0.014063548304370165,0.027240298991576612
646,powell20211109a.txt,0.8603192865848541,0.04819700603547972,0.09148370688490104
647,tarullo20140225a.txt,0.6759722037758265,0.1531623617758871,0.17086541914128853
648,waller20220603a.txt,0.9987630758966718,0.0007987107362298827,0.00043817922206861634
649,raskin20120107a.txt,0.8742718106368557,0.0005224425331107341,0.12520575336020556
650,waller20240517a.txt,0.9995453187397548,0.0003047854344393792,0.00014987753196952065
651,bernanke20131108a.txt,0.9856010609202914,0.0033583581793613527,0.011040599256779792
652,clarida20210804a.txt,0.9700723052024841,0.025505975469422994,0.004421731558977626
653,brainard20151106a.txt,0.5476456359494477,0.14459636623505503,0.3077579824021086
654,tarullo20130920a.txt,0.9767362251877785,0.021908698750329286,0.0013550824634356623
655,waller20221116a.txt,0.24058272278925869,0.7275289133191108,0.03188835151959211
656,powell20140923a.txt,0.9985386371612549,0.000144782145798672,0.0013165692857000978
657,tarullo20151117a.txt,0.9991629251411983,0.0003540113705509741,0.0004830744385669407
658,waller20210329a.txt,0.8417068175807468,0.15413741932372266,0.004155751069034027
659,bernanke20120806a.txt,0.999477710042681,0.00025954246146803986,0.0002627618481970525
660,quarles20190709a.txt,0.9994241866198453,0.00037556687179444867,0.00020022808695847
661,brainard20220525a.txt,0.943583105291639,0.05433596250285128,0.0020809298002859578
662,fischer20170731a.txt,0.7167631359654478,0.0013660921875271014,0.28187077428665364
663,bowman20210909a.txt,0.9996480941772461,0.0002170563311665319,0.0001348597155204819
664,brainard20170728a.txt,0.9946074315479824,0.001781846014117556,0.0036107263066306977
665,fischer20140811a.txt,0.727601940437269,0.016240218664231514,0.2561578418060794
666,yellen20150303a.txt,0.9981943170229594,0.0012754216159616286,0.0005302677095945303
667,quarles20190820a.txt,0.9992688596248627,0.0005459496169351041,0.00018521593665354885
668,quarles20200923a.txt,0.5024157387753283,0.003435256389950934,0.49414900676960577
669,powell20210503a.txt,0.8973470330238342,0.003166906812111847,0.09948603628727141
670,cook20230216a.txt,0.9485425233840943,0.018896044490975327,0.03256143425096525
671,powell20211129a.txt,0.9995526373386383,0.00031343619048129767,0.0001339613227173686
672,bowman20200227a.txt,0.9994365297831022,0.00036090977216820017,0.00020256563808428697
673,waller20240521a.txt,0.628755048266612,0.01478942715402809,0.35645551781362883
674,cook20240401a.txt,0.9993221561113993,0.00046795095355870825,0.00020991118314365545
675,bowman20240710a.txt,0.9996894399325053,0.00020610150628878424,0.00010444457196475317
676,brainard20201110a.txt,0.98892663533871,0.00033467156978216593,0.010738705060458206
677,brainard20170905a.txt,0.622080031549558,0.01176421253850484,0.3661557542317106
678,brainard20220708a.txt,0.9992289976640181,0.0004236095304473896,0.0003473998208805411
679,powell20171012a.txt,0.893726784735918,0.060369638853444485,0.045903584220468474
680,waller20230208a.txt,0.48051281182349403,0.5173050431264776,0.002182123032319148
681,quarles20180226a.txt,0.6601746222669524,0.15158968661333866,0.18823568535818985
682,brainard20171115a.txt,0.9987645347913107,0.0007175571518018842,0.0005179255155477828
683,barr20231002a.txt,0.85900611874337,0.10670673580801425,0.03428712298045866
684,clarida20211130a.txt,0.8549236519262194,0.00834222892881371,0.13673412945063318
685,bernanke20120216a.txt,0.9182891581350794,0.01558064013359119,0.06613019508054443
686,brainard20161007a.txt,0.9996370300650597,0.0002536544798203977,0.00010930876669590361
687,yellen20161219a.txt,0.9949440434575081,0.0033319562062388286,0.0017240222296095453
688,waller20240624a.txt,0.9996278882026672,0.0002324184897588566,0.00013967426639283076
689,bowman20240403a.txt,0.9890672405560811,0.002638920521712862,0.008293830250719718
690,bowman20201119a.txt,0.8521729007091684,0.004644537923013559,0.1431825580560447
691,waller20240327a.txt,0.6680311882454488,0.10067616928265327,0.2312926234541616
692,waller20220530a.txt,0.642929832533221,0.31469769577704615,0.0423724811305018
693,powell20190206a.txt,0.9994786381721497,0.00039856972580309957,0.0001227838826404574
694,brainard20180403a.txt,0.8583970315133532,0.0885356786675402,0.053067307351739146
695,bowman20231002a.txt,0.7140078473894391,0.285733680172208,0.00025848738109094223
696,clarida20181025a.txt,0.6076844825875014,0.1874152744292385,0.2049002446664316
697,quarles20180119a.txt,0.9992013772328695,0.000545183494169679,0.00025343569157282927
698,cook20241010a.txt,0.9978604545960059,0.0017124579641788912,0.0004270997736826897
699,fischer20151104a.txt,0.9990405738353729,0.0005920150665174747,0.0003674136466791176
700,bernanke20140103a.txt,0.7888793454420431,0.015220870765355917,0.19589978620178256
701,tarullo20120612a.txt,0.9711032555653498,0.024088187002164956,0.004808565280444992
702,barr20240910a.txt,0.9991034702821211,0.00034844288099768824,0.0005480946049581028
703,brainard20170713a.txt,0.799387643332867,0.11786945078860941,0.08274290310509969
704,bowman20240510a.txt,0.9286082776693197,0.032835370843083814,0.03855635899526533
705,yellen20120606a.txt,0.42072448237040255,0.0043524598139036376,0.5749230537319953
706,tarullo20161021a.txt,0.999558113515377,0.00023068600421538576,0.00021118743052284117
707,duke20120116a.txt,0.9162754625348108,0.003999999360530637,0.07972455698420942
708,powell20151020a.txt,0.9989780982335409,0.0006473853572970256,0.00037448283546837047
709,powell20141020a.txt,0.9996913075447083,0.00017183998716063797,0.00013688185572391376
710,bowman20240402a.txt,0.9985573391119639,0.00038795775011143024,0.0010547026540734805
711,brainard20151019a.txt,0.9994977340102196,0.0001766088525982923,0.0003256616309954552
712,yellen20140416a.txt,0.6315949185518548,0.017003703511650918,0.3514013610110851
713,brainard20190510a.txt,0.9731641411781311,0.014476333922357299,0.01235952395751762
714,waller20220618a.txt,0.7017906581051647,0.03828978305100463,0.25991955613390016
715,bowman20240117a.txt,0.9934240992252643,0.006081886717136233,0.0004940130255328348
716,bowman20230215a.txt,0.9994935467839241,0.0003235371768823825,0.00018291647120349808
717,bernanke20121001a.txt,0.4353302187519148,0.09934441545088443,0.465325355465341
718,fischer20161009a.txt,0.6518112681806087,0.23887902147059017,0.10930971567480204
719,fischer20160927a.txt,0.9360441650663104,0.00028361589751771783,0.063672240606268
720,powell20191007a.txt,0.9650657176971436,0.03217516445632403,0.0027591490070335567
721,bowman20231107a.txt,0.8611783113796264,0.13706435437391823,0.0017573361905912559
722,yellen20121113a.txt,0.8814229162425573,0.017737104674989287,0.10083998495359153
723,brainard20230119a.txt,0.31406892532620323,0.452588264179543,0.23334280963436785
724,barr20240117a.txt,0.999547004699707,0.0002776260153041221,0.00017536878658575006
725,brainard20200813a.txt,0.9982827305793762,0.0003478087492112536,0.0013694604810249682
726,cook20230515a.txt,0.9996305704116821,0.00023945333876846625,0.0001299584556753481
727,fischer20151112a.txt,0.7161355879533485,0.062125770481626125,0.22173864373524504
728,cook20240617a.txt,0.9988121191660563,0.0009670684230513871,0.00022080621541438936
729,bernanke20131113a.txt,0.999621570110321,0.00026678690846893005,0.00011160431495227385
730,waller20230120a.txt,0.2627322741983725,0.5934979279658624,0.14376980568964168
731,waller20240222a.txt,0.624592057953123,0.3677958960470278,0.0076120165540487505
732,brainard20200901a.txt,0.5292691702130609,0.06095601278782571,0.40977480642378883
733,bowman20240910a.txt,0.999430639403207,0.00026682446748184575,0.0003025470526024167
734,quarles20211020a.txt,0.22365664066940857,0.6181779733160511,0.15816540982632432
735,barr20240510a.txt,0.9995455741882324,0.00028925077058374884,0.00016517915792064742
736,quarles20201020a.txt,0.5954275344394975,0.11951223918489025,0.2850602115084055
737,bowman20230805a.txt,0.27987794211367145,0.7194591959317526,0.0006628444922777513
738,bowman20191021a.txt,0.9996092915534973,0.00025845183699857444,0.0001322707006086906
739,bowman20190325a.txt,0.9314259191354116,0.0021279636809291937,0.06644610455744744
740,waller20230622a.txt,0.9996501803398132,0.00023826603622486195,0.00011153911327710375
741,cook20231113a.txt,0.999727725982666,0.00017803129230742343,9.422748735232744e-05
742,waller20240520a.txt,0.7940925359725952,0.0033810594031820074,0.20252640963008162
743,duke20130205a.txt,0.9994634356763628,0.00026673864825473476,0.0002698317613168102
744,brainard20190711a.txt,0.7218090265523642,0.0013167952238291036,0.2768741964609944
745,bernanke20131216a.txt,0.8233075708150863,0.0045201114029623565,0.17217230756941718
746,waller20211217a.txt,0.6545561921666376,0.2489438320105061,0.09649994401236957
747,powell20170706a.txt,0.9884744148987991,0.0015429458983887273,0.009982628460140685
748,fischer20161121a.txt,0.7087133610388264,0.0016269850428216159,0.28965963730588556
749,brainard20201015a.txt,0.9965955283906724,0.00044365619962465845,0.002960812606033869
750,kugler20240518a.txt,0.9995630298342023,0.0002877013445998143,0.00014926395670045167
751,powell20181206a.txt,0.9979945321877798,0.0010192300445244957,0.000986251157883089
752,powell20220321a.txt,0.431231143961971,0.4897234295482728,0.07904543490803917
753,bernanke20120807a.txt,0.99964939057827,0.00025312807701993734,9.749953642312903e-05
754,bowman20210322a.txt,0.3944142998144444,0.02511631216879727,0.5804694109182391
755,cook20240504a.txt,0.999485799244472,0.0003364807531137818,0.00017770306710320125
756,clarida20190530a.txt,0.8371638514929347,0.0355776537762722,0.12725848455011146
757,powell20231025a.txt,0.9995006203651429,0.0003202121559297666,0.00017919002275448292
758,clarida20190926a.txt,0.9065871160963307,0.00910850754956735,0.08430438286640034
759,fischer20170419a.txt,0.8220625420411428,0.0729533534880223,0.10498408509495978
760,yellen20120411a.txt,0.749120078291744,0.003486247526016086,0.24739368336391634
761,clarida20201019a.txt,0.562087652905445,0.0013840255352468894,0.4365283045252519
762,brainard20160912a.txt,0.49283653037513003,0.08792335384093937,0.4192401194561492
763,yellen20130104a.txt,0.9976315567126641,0.0008912602550900864,0.0014771839688854436
764,bowman20230110a.txt,0.6427734088501893,0.3564610214161803,0.0007655513521361476
765,duke20121005a.txt,0.9944910146296024,0.0014603565432480536,0.0040486206253262935
766,fischer20160622a.txt,0.994522325694561,0.0018263297806697665,0.003651313207228668
767,bowman20240212a.txt,0.9988517065842947,0.0007781850630029415,0.0003701093592098914
768,powell20171005a.txt,0.9995243072509765,0.00022482347558252513,0.00025089821428991854
769,yellen20170825a.txt,0.9487558342516422,0.010470271701706224,0.040773876441865774
770,clarida20200521a.txt,0.3030932620943834,0.002526167105922165,0.6943805729970336
771,stein20140324a.txt,0.999708741903305,0.00017599944476387464,0.00011527703100000508
772,barr20231019a.txt,0.9994939944960854,0.00022889238739894196,0.0002771217286036435
773,yellen20141030a.txt,0.9992545247077942,0.00030866152155795135,0.0004368355148471892
774,bowman20210928a.txt,0.9982437739769617,0.0012075270266601972,0.0005486898886980877
775,powell20150514a.txt,0.9995012521743775,0.00020152045035501943,0.00029723617481067775
776,bowman20191017a.txt,0.9964413444201151,0.002044420902772496,0.001514222560217604
777,quarles20190905a.txt,0.9948797821998596,0.002385289067619438,0.002734938349352557
778,powell20180525a.txt,0.9986948817968369,0.0007153132901294157,0.0005897979053770541
779,raskin20120106a.txt,0.7456091761356219,0.0013592908469339212,0.25303151540914165
780,powell20211108a.txt,0.9640225370724996,0.001880379025048266,0.03409706639164748
781,bowman20240418a.txt,0.999445304274559,0.00034838593273889273,0.000206298878765665
782,powell20131011a.txt,0.4425686575472355,0.2543657662346959,0.303065583249554
783,brainard20201218a.txt,0.9982937306165696,0.0012598843182786367,0.00044638633808062876
784,clarida20210517a.txt,0.9994821406546093,0.00021870197746292908,0.00029915477907274007
785,bowman20191001a.txt,0.999099062039302,0.0002878043680818966,0.0006131338103351971
786,tarullo20141120a.txt,0.94405017725446,0.010134434765363536,0.045815376718316904
787,fischer20161005a.txt,0.5480626641240504,0.0015772630639340995,0.4503600972062226
788,clarida20190228a.txt,0.9091769605875015,0.008699356927536428,0.08212367085798178
789,stein20130417a.txt,0.9970311671495438,0.0011886191520413074,0.001780210707996351
790,bernanke20120831a.txt,0.6206797031179752,0.042709832537534215,0.33661047220756213
791,fischer20170706a.txt,0.9594531334363497,0.000579242733902692,0.0399676264608458
792,bernanke20130325a.txt,0.9007281117141247,0.005756835488864453,0.0935150636913022
793,stein20121011a.txt,0.8067752634683116,0.026608087414801543,0.1666166510443542
794,yellen20150924a.txt,0.7281723295087604,0.04491261969001027,0.22691504759426434
795,brainard20200921a.txt,0.9963531568646431,0.0011903075924237783,0.0024565378521401726
796,waller20240828a.txt,0.999605553490775,0.00025620586529839784,0.00013823374008227672
797,barr20240926a.txt,0.8355558995972387,0.12583658513176488,0.03860748493025312
798,bowman20240930a.txt,0.1612922621924164,0.4980498854004379,0.34065784406266175
799,bernanke20131216b.txt,0.9992203712463379,0.0005803934667104235,0.00019920102446728075
800,stein20130207a.txt,0.9434451692634158,0.04125082541226961,0.015303999641791624
801,waller20240717a.txt,0.5944236442834759,0.1994675853444884,0.20610876433460767
802,brainard20200521a.txt,0.5275352708995342,0.0007720652502030134,0.4716926421970129
803,jefferson20241009a.txt,0.8865466181721006,0.03420622283634397,0.0792471475516712
804,cook20240508a.txt,0.9927735491232439,0.004096755998034496,0.003129702109700619
805,brainard20160226a.txt,0.5301598531160769,0.058280388788781626,0.41155976288012297
806,bowman20240926a.txt,0.1649897739989683,0.5941879205971158,0.24082231162382023
807,yellen20171015a.txt,0.4826859797661503,0.28089931105205324,0.23641471195636163
808,bowman20190411a.txt,0.9994041472673416,0.00028698374444502406,0.0003088635130552575
809,brainard20221010a.txt,0.199247459997423,0.6884136337579952,0.11233893220196478
810,brainard20141202a.txt,0.9996783336003622,0.0001739829676807858,0.00014766904253823063
811,powell20180620a.txt,0.6692020988890103,0.3128379246294831,0.017959987511858344
812,waller20230511a.txt,0.9754801293214163,0.0012392686779397384,0.023280599525605794
813,powell20190509a.txt,0.9987132549285889,0.00036835110707518953,0.0009183837052357072
814,yellen20171107a.txt,0.999385138352712,0.0004247247610085954,0.00019010959173707911
815,FOMCminutes20131218.txt,0.8423673905647144,0.015654958757715158,0.14197764914402236
816,FOMCminutes20121023.txt,0.7731336912230208,0.040458865705824625,0.18640744651632055
817,FOMCminutes20181108.txt,0.7529880002174261,0.243544888172307,0.003467118651315104
818,FOMCminutes20231101.txt,0.5449572010067009,0.43221192575900047,0.02283087105340952
819,FOMCminutes20161214.txt,0.8732167011012837,0.09297318482113413,0.03381011193904465
820,FOMCminutes20201216.txt,0.6975776820576617,0.016471139480667522,0.28595117645454593
821,FOMCminutes20180613.txt,0.876251013607395,0.10617539125087205,0.01757359698061993
822,FOMCminutes20130918.txt,0.8577422412733237,0.03590703132338639,0.10635072036173226
823,FOMCminutes20130501.txt,0.7417034912732956,0.05102478169188227,0.20727173278852284
824,FOMCminutes20171213.txt,0.9274784762842151,0.037131728181450926,0.03538979565690589
825,FOMCminutes20210127.txt,0.7238418797117679,0.028907894215419304,0.24725022584641201
826,FOMCminutes20160727.txt,0.8689114304588121,0.0727765547198942,0.058312015258707106
827,FOMCminutes20200916.txt,0.822755335879169,0.00821647903917198,0.16902818684716375
828,FOMCminutes20131030.txt,0.7315646367706359,0.002444547218619846,0.26599082915345207
829,FOMCminutes20170726.txt,0.8647200977802276,0.05290199014591053,0.08237792339990847
830,FOMCminutes20140430.txt,0.8622668659739682,0.018314720776802657,0.11941842338558711
831,FOMCminutes20120313.txt,0.7865872530798826,0.03999264366575517,0.1734200893344158
832,FOMCminutes20221102.txt,0.4929830527053801,0.4730576574554477,0.03395929997808438
833,FOMCminutes20211215.txt,0.658464279859477,0.26406175543032134,0.07747397181059744
834,FOMCminutes20240918.txt,0.6492848959086197,0.029410733475136414,0.3213043631417566
835,FOMCminutes20160127.txt,0.844303973722789,0.001673456863176802,0.15402258270704705
836,FOMCminutes20240501.txt,0.8438690540303165,0.14603954209330064,0.010091396180844944
837,FOMCminutes20140618.txt,0.9123215747950598,0.014790481985837687,0.07288794880121713
838,FOMCminutes20151028.txt,0.8377638652368828,0.009006751316418458,0.1532293780716524
839,FOMCminutes20151216.txt,0.9228303210467709,0.012032545853242258,0.0651371493788284
840,FOMCminutes20220126.txt,0.7600754719142887,0.18445803434339972,0.05546649692140901
841,FOMCminutes20190501.txt,0.9010561049104698,0.04936567119852219,0.0495782130826903
842,FOMCminutes20190918.txt,0.7721099802530564,0.0220492511382569,0.2058407762232188
843,FOMCminutes20160427.txt,0.8028856969826544,0.10407345939990288,0.0930408269200901
844,FOMCminutes20150917.txt,0.8607357649550754,0.023535897834131455,0.1157283388504079
845,FOMCminutes20230726.txt,0.48605872036727227,0.41118403192629793,0.10275723699875094
846,FOMCminutes20191030.txt,0.7196453246841684,0.03903188959201344,0.24132280015363927
847,FOMCminutes20140319.txt,0.8453394313595103,0.010541460661291543,0.14411911481996262
848,FOMCminutes20240612.txt,0.8376887693831866,0.06773917856414548,0.0945720552289541
849,FOMCminutes20161102.txt,0.7689443702499071,0.1285634638450574,0.102492177762421
850,FOMCminutes20230322.txt,0.5897677611885592,0.37226808445178905,0.037964157245587556
851,FOMCminutes20150318.txt,0.9095213318616152,0.01285271919085062,0.07762594867672305
852,FOMCminutes20220727.txt,0.47867184964291354,0.3519448183433269,0.16938333962804922
853,FOMCminutes20140917.txt,0.8923356055208758,0.020429803769797285,0.08723459074355089
854,FOMCminutes20140730.txt,0.8897732196805569,0.010375779577701066,0.09985099898375875
855,FOMCminutes20231213.txt,0.6963049489397394,0.1552847314185625,0.1484103153292697
856,FOMCminutes20201105.txt,0.5947507907258114,0.017721922502005327,0.3875272852242233
857,FOMCminutes20221214.txt,0.43324752017976537,0.49123340352805545,0.07551906675395842
858,FOMCminutes20180502.txt,0.7566103677342956,0.19664883396180813,0.04674079904361861
859,FOMCminutes20180926.txt,0.8995645782709414,0.09051645086840247,0.009918979349273358
860,FOMCminutes20211103.txt,0.5965118219610304,0.2618508125243742,0.14163736589554382
861,FOMCminutes20171101.txt,0.8634939512302136,0.05282652711471671,0.08367952325327145
862,FOMCminutes20141029.txt,0.8651803423251424,0.02316528096084117,0.11165436906230752
863,FOMCminutes20181219.txt,0.9018378039493525,0.06407342449438147,0.034088772691445356
864,FOMCminutes20141217.txt,0.8823428336454897,0.03419557257052939,0.08346159043258569
865,FOMCminutes20191211.txt,0.9248418774596363,0.028835136903958385,0.04632298774464838
866,FOMCminutes20120425.txt,0.9073118483793223,0.003917343528125154,0.08877082224535116
867,FOMCminutes20200610.txt,0.7456032391298901,0.0029018886346338234,0.2514948784786446
868,FOMCminutes20150128.txt,0.8655961056162292,0.015616524233943588,0.11878737180632015
869,FOMCminutes20120801.txt,0.607668316801605,0.013746833898197941,0.3785848512893806
870,FOMCminutes20180321.txt,0.8490926609694154,0.13468417684806114,0.0162231674705753
871,FOMCminutes20190130.txt,0.9585350044071674,0.008919223416948322,0.032545761723667965
872,FOMCminutes20210616.txt,0.7197859055013396,0.12854567921021953,0.15166842296321192
873,FOMCminutes20170614.txt,0.9075175365269706,0.04988411703264941,0.04259834770026939
874,FOMCminutes20210428.txt,0.8224896867679239,0.024081953681788632,0.15342836159959852
875,FOMCminutes20230920.txt,0.5559244373051281,0.42224170663923194,0.021833861898895437
876,FOMCminutes20220316.txt,0.5552724970139338,0.440693264224984,0.004034242002897623
877,FOMCminutes20150729.txt,0.9033975951107485,0.012524028240607419,0.08407837288905284
878,FOMCminutes20220504.txt,0.48790283211900926,0.5067945797468733,0.005302588887458954
879,FOMCminutes20160615.txt,0.8560896006453297,0.03362071815955341,0.11028967702219708
880,FOMCminutes20200429.txt,0.4969446855078962,0.006947508597213234,0.4961078079884887
881,FOMCminutes20220921.txt,0.37387528624094557,0.5513140701122421,0.074810619872341
882,FOMCminutes20170201.txt,0.9363617930738699,0.035931125219490025,0.027707084749029793
883,FOMCminutes20130619.txt,0.8557796274188297,0.04076207099213355,0.10345830344648471
884,FOMCminutes20180131.txt,0.8717857676934688,0.1136682798495848,0.014545944195483475
885,FOMCminutes20120620.txt,0.7894637678004801,0.0015912181542080362,0.20894502628070769
886,FOMCminutes20140129.txt,0.8495963291614317,0.024959100268097244,0.12544456704745244
887,FOMCminutes20190320.txt,0.967699259519577,0.002241326617617493,0.030059415069834877
888,FOMCminutes20190731.txt,0.763722928606772,0.006023605701713158,0.23025346659290205
889,FOMCminutes20230503.txt,0.6475432688603178,0.3101468885568985,0.042309855262699
890,FOMCminutes20170503.txt,0.9639239968924687,0.005981744168946471,0.030094270350297127
891,FOMCminutes20200129.txt,0.865427015857263,0.0331497241829559,0.10142326083521104
892,FOMCminutes20180801.txt,0.865775075275451,0.10128348003399879,0.03294144716073788
893,FOMCminutes20210728.txt,0.7082189470529556,0.15111561201837112,0.14066543569580453
894,FOMCminutes20130130.txt,0.7914016998901561,0.07714224300218268,0.13145605678181635
895,FOMCminutes20230201.txt,0.5459747777685748,0.3538712829417662,0.10015392599523003
896,FOMCminutes20240731.txt,0.7120589267994676,0.06828849439972103,0.2196525764794344
897,FOMCminutes20200315.txt,0.48836555348525784,0.033015094622511024,0.47861935068486317
898,FOMCminutes20160316.txt,0.8523329388598263,0.018001693116314964,0.12966537044564536
899,FOMCminutes20240320.txt,0.8537892609834671,0.09537618278642185,0.05083456825988833
900,FOMCminutes20160921.txt,0.8430016660001048,0.07712558039641189,0.0798727539408117
901,FOMCminutes20220615.txt,0.3418227780687933,0.6305908917975439,0.027586330487220374
902,FOMCminutes20170920.txt,0.9332795642881787,0.020692691907372916,0.04602774404403525
903,FOMCminutes20210922.txt,0.6869637045672099,0.13688623422760807,0.17615005842024653
904,FOMCminutes20121212.txt,0.8930575324601366,0.003908643114104338,0.10303382696064563
905,FOMCminutes20230614.txt,0.5976917065660624,0.3708684504442014,0.031439827387657715
906,FOMCminutes20200729.txt,0.5525343184980254,0.015731752485347292,0.4317339199532095
907,FOMCminutes20150617.txt,0.9062920666765422,0.03702298958872537,0.056684944063817966
908,FOMCminutes20120125.txt,0.8834201057381448,0.01212349924448532,0.10445640119019851
909,FOMCminutes20150429.txt,0.8609022903442383,0.002456139960559085,0.13664157004561275
910,FOMCminutes20190619.txt,0.8002662942305488,0.006357335599599502,0.19337635901882885
911,FOMCminutes20240131.txt,0.7583773273688096,0.1224569509907339,0.11916573325960109
912,FOMCminutes20130320.txt,0.8769012565540973,0.024689644502499365,0.09840909984086466
913,FOMCminutes20120913.txt,0.7836656203612173,0.011567446464837036,0.20476693250284547
914,FOMCminutes20170315.txt,0.9399211547736611,0.036215565904577876,0.023863281840151882
915,FOMCminutes20130731.txt,0.7287936752545647,0.05997203182293257,0.21123430045190617
916,FOMCminutes20210317.txt,0.6800693555590536,0.15369831805884163,0.16623233215068467
