cik,filing_date,avg_excess_return
723254,2022-07-27,0.0008655972623137361
723254,2023-07-27,-0.006858598179482222
723254,2019-07-26,-0.0016737840480986089
723254,2021-07-28,0.0029091616829385767
723254,2020-07-29,-0.008961834353577
732712,2023-02-10,0.002141635340301575
732712,2019-02-15,0.006681811622816836
732712,2021-02-25,-0.005689188852506969
732712,2020-02-21,0.003519983975181633
732712,2022-02-11,0.00022340142551805593
1018724,2020-01-31,-0.0031370167406884744
1018724,2022-02-04,0.008563538833785187
1018724,2021-02-03,-0.010025125879571982
1018724,2023-02-03,-0.01240181312958907
1018724,2019-02-01,-0.007267288566940609
1130310,2019-02-28,-0.002827904455459768
1130310,2022-02-22,0.007874443204580774
1130310,2020-02-27,-0.002312368033290938
1130310,2023-02-17,0.0003217476582965731
1130310,2021-02-25,-0.01115099403113375
18230,2021-02-17,0.022872702511984744
18230,2020-02-19,0.013434046012298258
18230,2022-02-16,-0.005551056659096556
18230,2019-02-14,0.0037873282836349753
18230,2023-02-15,0.0031288334073154432
320193,2019-10-31,0.007769143699622326
320193,2022-10-28,-0.007369220041654269
320193,2021-10-29,-0.00349262267185531
320193,2020-10-30,-0.018929714225227996
320193,2023-11-03,0.008088001039696393
1327567,2023-09-01,0.011584590649048841
1413329,2020-02-07,0.00847089156773197
1413329,2022-02-11,0.014699717024511574
1413329,2023-02-10,-0.0022792047762305373
1413329,2021-02-09,0.000401556576689519
1413329,2019-02-07,0.01639547133055661
1637459,2023-02-16,0.000573752181546643
1637459,2021-02-17,0.02138217303649488
1637459,2020-02-14,0.00146867422399832
1637459,2019-06-07,-0.0020221178510842655
1637459,2022-02-17,0.02857677642453725
1158449,2019-02-19,-0.011335968861360131
1158449,2022-02-15,-0.0013294134510371553
1158449,2021-02-22,-0.007544989446054668
1158449,2020-02-18,0.008552920216751168
1166691,2021-02-04,0.0033401371927534304
1166691,2023-02-03,-0.01028326771898137
1166691,2022-02-02,-0.005669516632706716
1166691,2019-01-31,0.006918483262447261
1166691,2020-01-30,0.004042305842263995
1596532,2021-02-19,-0.014701656445062269
1596532,2022-02-15,0.012093756227257828
1596532,2020-02-14,0.002592147030264648
1596532,2023-02-14,0.0080778037014386
1596532,2019-02-15,0.011976960062702548
79282,2022-02-23,0.0005210682508437205
79282,2023-02-27,-0.0006867274698949509
79282,2021-02-23,0.005346032293888691
721371,2021-08-16,0.001634768997709625
721371,2023-08-15,-0.01494531445916122
721371,2020-08-13,-0.017911520339453396
721371,2019-08-20,0.0026452120795728757
721371,2022-08-11,0.025014949463671513
1113169,2019-02-13,-0.00433636069039629
1113169,2020-02-13,0.004183574114759201
1113169,2023-02-15,0.000775544550197949
1113169,2022-02-24,-0.005816203664294264
1113169,2021-02-11,-0.0027908650321459578
1145197,2023-02-24,-0.010542579202955711
1274494,2022-03-01,0.004244198232977031
1274494,2023-02-28,0.028619887879416408
78003,2021-02-25,-0.0019517754297674467
78003,2022-02-24,-0.015804335027231893
78003,2023-02-23,-0.006157505905684563
78003,2019-02-28,-0.0033747893749929724
78003,2020-02-27,-0.0023191727436073263
910606,2022-02-17,0.008296715343624913
910606,2020-02-18,0.0053303217891604625
910606,2021-02-17,0.014430576386967434
910606,2023-02-17,-0.0007402082904307259
910606,2019-02-21,0.0004574055950748316
96943,2020-02-21,-0.005770479161142685
96943,2021-02-25,0.0014821031297814883
96943,2022-03-01,0.010656860734419677
96943,2023-02-23,0.002827403753953864
96943,2019-02-21,0.005040989593999905
6201,2020-02-19,0.0066914029223119845
6201,2023-02-22,-0.002786852506671862
6201,2021-02-17,0.03323731575100341
6201,2022-02-22,-0.007102038273541356
6201,2019-02-25,0.006066102491122325
1402057,2022-02-28,0.0027899920849213528
1402057,2019-02-27,-0.0034890864636039735
1402057,2020-02-28,-0.006911807421688397
1402057,2021-02-26,-0.001620698649640197
1402057,2023-02-24,-0.0014613925638253646
1048286,2023-02-14,-0.009626300431044841
1048286,2019-03-01,0.005207058980985143
1048286,2022-02-15,0.002797232780366642
1048286,2020-02-27,0.01727032611800493
1048286,2021-02-18,0.04132001647740864
1014473,2023-02-17,-0.00622624993538297
1014473,2022-02-18,0.004081707684649078
1014473,2019-02-15,-0.00035943520220033955
1014473,2021-02-19,-0.010665887552505204
1014473,2020-02-14,-0.0025551183171944516
35527,2023-02-24,0.005522520687707332
35527,2020-03-02,-0.014267745521861185
35527,2022-02-25,0.008372806668009531
35527,2021-02-26,0.008045948304846909
35527,2019-03-01,-0.004272599260135782
1506307,2021-02-05,0.009967326302635068
1506307,2023-02-08,-0.0006096788249592071
1506307,2022-02-07,-0.0014487125610822796
1506307,2020-02-12,0.00485342602965062
1506307,2019-02-08,0.0071999255676232525
64040,2020-02-10,-0.004538491371391082
64040,2023-02-10,0.0012585517743167866
64040,2019-02-13,-0.001548871688950803
64040,2022-02-08,-0.004273737208340539
64040,2021-02-09,0.01006329709959735
310764,2019-02-07,0.006753357096537956
310764,2022-02-11,0.0029706010736931746
310764,2021-02-11,0.0024799695625949436
310764,2020-02-06,0.0013602483104648328
310764,2023-02-10,-0.0025675722680489825
62709,2021-02-17,0.011193480760761878
62709,2020-02-20,0.002866044691395541
62709,2023-02-13,0.0019646744947345307
62709,2022-02-16,0.0012898626418170708
62709,2019-02-21,0.0001474227240697256
1280452,2023-02-24,0.0012451098958305342
1280452,2022-02-25,-0.009676710925019351
1280452,2021-03-01,-0.022768324849584597
1093557,2022-02-14,-0.018192693875561713
1093557,2023-02-09,-0.002689837520677177
1093557,2021-02-11,0.012044786431366767
1093557,2020-02-13,0.03404721243978968
77476,2020-02-13,3.4539209527453645e-05
77476,2019-02-15,0.0018402324048015198
77476,2023-02-09,0.008752890300456652
77476,2021-02-11,-0.005393981237985581
77476,2022-02-10,-0.009781905268453243
883241,2021-12-13,0.0037602788183249683
883241,2022-12-12,0.0044650786597573615
883241,2020-12-15,0.011432337615657968
883241,2023-12-12,-0.004102695405267683
883241,2019-12-20,-0.00315123264404615
1045609,2023-02-14,-0.0026546510170639037
1045609,2022-02-09,-0.003443970379005974
1045609,2020-02-11,0.006224115078034111
1045609,2019-02-13,0.0016761148525726807
1045609,2021-02-11,-0.00574084977041524
1652044,2022-02-02,-0.0037691684054904835
1652044,2019-02-05,-0.002521449201505265
1652044,2020-02-04,-0.0026356503529837393
1652044,2021-02-03,-0.0002156232673291847
1652044,2023-02-03,-0.010913242242549378
66740,2019-02-07,0.0018928328926924175
66740,2021-02-04,0.008641099489166172
66740,2020-02-06,-0.003796482204261648
66740,2022-02-09,-0.0026346318607327612
66740,2023-02-08,-0.0010903044201250366
915389,2021-02-22,-0.0023425227016225982
915389,2019-02-27,-0.0008464538379693496
915389,2023-02-15,-0.001379750001218703
915389,2022-02-25,-0.0031864435041204344
915389,2020-02-26,-0.005493685669015476
1004980,2023-02-23,-0.005088100372122909
1004980,2022-02-10,0.0007192855643295172
1053507,2019-02-27,0.009823863625515168
1053507,2022-02-25,-0.0067036026926337155
1053507,2023-02-23,0.001192486699918509
1053507,2020-02-25,-0.01682460763102955
1053507,2021-02-25,-0.023629393758786935
6281,2020-11-24,0.0027145005969999953
6281,2022-11-22,-0.0008699211199590302
6281,2019-11-26,0.0016610980016123406
6281,2021-12-03,0.0009120221444153254
6281,2023-11-21,0.0020983624666502058
912595,2021-02-18,0.007940291292776402
912595,2019-02-21,0.002504983703310906
912595,2023-02-14,-0.002496641486668144
912595,2022-02-17,0.00290578113780012
912595,2020-02-20,-0.0020934079349944467
62996,2019-02-07,0.009196881402053367
62996,2020-02-11,-0.019740852605657142
62996,2022-02-08,-0.00693971222060756
62996,2021-02-09,-0.011643190626834901
62996,2023-02-09,0.010664286554877292
1659166,2021-02-26,0.006059945097741064
1659166,2019-02-28,0.002715488499823973
1659166,2022-03-01,-0.011757660265374609
1659166,2023-02-28,0.0048214997513060295
1659166,2020-02-27,0.002160592266819232
23217,2022-07-21,0.005449289542750272
23217,2020-07-24,0.004182596251585459
23217,2021-07-23,-0.000248980721447265
23217,2019-07-19,-0.01282137956736967
23217,2023-07-13,-0.0059457457881300834
789570,2023-02-24,0.004780704108696635
789570,2022-02-25,-0.004283982785754186
789570,2019-02-27,-0.0060973828839911755
789570,2021-02-26,0.02669563292816167
789570,2020-02-27,-0.022262562294258596
1336917,2019-02-25,0.004281699868564396
1336917,2021-02-24,0.012967888141985674
1336917,2020-02-26,-0.0010932096103929197
1071739,2019-02-19,-0.0037328492865901014
1071739,2022-02-22,0.006097642896894714
1071739,2021-02-22,0.0093940668166262
1071739,2020-02-18,0.007094825612532439
1071739,2023-02-21,-0.008924748482714599
1035002,2019-02-28,-0.007501152268656074
1035002,2023-02-23,0.009402663696504748
1035002,2022-02-22,-0.0034520899692419968
1035002,2020-02-26,-0.022679020088875283
1035002,2021-02-23,0.020391034472845935
1090727,2022-02-22,-0.0025674998781528005
1090727,2019-02-21,0.005496801503683367
1090727,2023-02-21,0.004701947593587023
1090727,2020-02-20,-0.006357297535231272
1090727,2021-02-22,-0.0027290881051513878
1156375,2020-02-28,0.031684224836446444
1156375,2021-02-26,-0.000240545287065708
1156375,2023-02-27,0.0013485195483446026
1156375,2022-02-25,-0.004127227203719564
1156375,2019-02-28,-0.005019670558147294
1564708,2022-08-12,-0.0071086202555075
1564708,2023-08-15,-0.006761319885279766
1564708,2021-08-10,-0.009790804546182738
1564708,2020-08-11,0.006777351441917006
1564708,2019-08-13,-0.0023231630452858385
72333,2019-03-18,0.004921681363100856
32604,2019-11-18,0.000592632137745166
32604,2021-11-15,-0.008553326000349006
32604,2020-11-16,0.008803554568468047
32604,2022-11-14,1.4835161120165755e-05
32604,2023-11-13,-0.0007365232772334291
1039684,2021-02-23,-0.0033231594931476616
1039684,2020-02-25,-0.004404580336740547
1039684,2022-03-01,0.015157370548451895
1039684,2019-02-26,0.0013181448058381126
1039684,2023-02-28,0.0004136442233643061
96021,2023-08-25,-0.0039415162974102014
96021,2020-08-26,-0.0019493597461044988
96021,2019-08-26,0.0016495851773976095
96021,2021-08-30,-0.010397888195162706
96021,2022-08-26,-0.000636561606899452
882095,2019-02-26,0.001983176225278593
882095,2023-02-22,-0.013132837891855195
882095,2021-02-25,0.0015227983876934048
882095,2022-02-23,-0.0037947145610818535
882095,2020-02-25,-0.04056066092755101
91440,2022-02-11,0.010313858034097106
91440,2020-02-13,0.0006579665137303175
91440,2019-02-14,0.004579906922805184
91440,2023-02-09,0.0026490654125786756
91440,2021-02-11,-0.000515851309902403
895421,2019-02-26,0.004443503540792183
895421,2021-02-26,0.015376498376851278
895421,2020-02-27,0.0038204386869034705
895421,2023-02-24,0.0008043943586254598
895421,2022-02-24,-0.026209844685114624
12208,2021-02-16,-0.010968495383037633
12208,2022-02-11,-0.009921596925421688
12208,2023-02-17,0.01775593086853201
12208,2020-03-02,0.016405585166193514
857005,2022-11-15,-0.00903153974739355
857005,2021-11-22,-0.005084743307491452
857005,2023-11-20,0.002420524009922166
104169,2020-03-20,-0.035985106761929245
104169,2022-03-18,-0.006346091333209751
104169,2023-03-17,0.0039027120955004457
104169,2019-03-28,-0.0009900302863687393
104169,2021-03-19,0.007265365710556136
48898,2023-02-09,0.00449838669783917
1403568,2020-03-27,-0.01905987480610178
1403568,2023-03-24,0.0036301867994951893
1403568,2021-03-26,0.00462095942066053
1403568,2019-04-02,0.0007233022906466642
1403568,2022-03-25,-0.005907415646680075
29534,2023-03-24,0.005621186350079202
29534,2020-03-19,-0.015623014971624563
29534,2021-03-19,0.024763340668521518
29534,2022-03-18,-0.008447735453371503
29534,2019-03-22,0.0033447422094695506
93410,2020-02-21,-0.002398018654478827
93410,2022-02-24,0.031044482763293937
93410,2019-02-22,0.0012731261542827284
93410,2023-02-23,0.0033374824008584945
93410,2021-02-25,0.004005730669452879
352915,2022-02-24,0.015029352068747616
352915,2021-02-25,-0.00036683211468682003
352915,2023-02-27,-0.02335626716553656
352915,2020-02-26,-0.011374065237277818
352915,2019-02-27,0.003563241899320376
1123360,2022-02-18,-0.0002709851212188679
1123360,2020-02-21,-0.0068698715041900695
1123360,2019-02-21,0.0023422417571972776
1123360,2023-02-17,-0.0040220097034889225
1123360,2021-02-19,0.010514121735840229
1297996,2022-02-25,0.0004846890512187809
1297996,2019-02-25,-0.010037426262501214
1297996,2021-03-01,-0.015081463068065352
1297996,2023-02-27,-0.003882334435295479
1297996,2020-03-02,0.012192476920483376
764180,2023-02-27,-0.002533113057119985
764180,2019-02-26,0.004620228972071821
764180,2022-02-25,0.014918026394432758
764180,2020-02-25,-0.010799988547146876
764180,2021-02-26,0.008293679586335981
906345,2023-02-23,-0.0020190238031388566
906345,2022-02-17,0.007257482108406318
97476,2020-02-20,0.0032123106954640296
97476,2022-02-04,0.0007372040664038828
97476,2019-02-22,-0.005377757984387283
97476,2021-02-05,-0.0011773648425046136
97476,2023-02-03,-0.0012282432549188278
319201,2022-08-05,-0.009959567941282077
319201,2021-08-06,-0.0037465577922914475
319201,2020-08-26,-0.008378261175893083
319201,2023-08-04,0.0003413743554006119
319201,2019-08-16,0.010029485865220514
5513,2019-02-19,0.003992498874509724
5513,2020-02-18,0.004331440763686682
50863,2019-02-01,0.008205594589402584
50863,2023-01-27,0.0005986934697526447
50863,2020-01-24,-0.00048745791135221435
50863,2022-01-27,-0.018133255016645894
50863,2021-01-22,-0.015329242214774887
1390777,2023-02-27,-0.0005857488602961744
1390777,2019-02-27,-0.0040738208409861676
1390777,2022-02-25,-0.0034980426188798448
1390777,2020-02-27,-0.017617387303706683
1390777,2021-02-25,0.0003353363408407687
1111711,2020-02-28,0.019947867014338524
1111711,2021-02-17,0.005215300381687394
1111711,2022-02-23,7.458188381572568e-05
1111711,2019-02-20,-0.0012392285394329213
1111711,2023-02-22,0.005391771425806918
46765,2019-11-15,-0.0028907378038601403
946581,2020-05-22,0.006645134737661466
946581,2022-05-17,0.008110139121080422
946581,2023-05-26,-0.0028028824000830652
946581,2019-05-14,0.012139785054569101
946581,2021-05-19,0.00992719279630596
860730,2019-02-21,-0.002109286665136304
860730,2020-02-20,-0.006459649496773304
860730,2022-02-18,3.1474124737167295e-05
860730,2023-02-17,-0.00929130988967458
860730,2021-02-19,-0.002591308190786132
886982,2022-02-25,-0.0052344761636496685
886982,2019-02-26,0.000995135380903322
886982,2020-02-21,0.012675034284317443
886982,2021-02-22,0.013105159517472618
886982,2023-02-24,-0.0012549657821453203
1283699,2022-02-11,0.004505044576432828
1283699,2019-02-07,0.005469117162425821
1283699,2020-02-06,0.023074502859153252
1283699,2021-02-23,0.003997297312392533
1283699,2023-02-14,0.0028690889296712255
1364742,2020-02-28,-0.012814537765121925
1364742,2021-02-25,0.006662378051295916
1364742,2022-02-25,-0.0012431941186563105
1364742,2019-02-28,-0.004203363487498871
1364742,2023-02-24,-0.0030318222834451675
813672,2023-02-13,0.004577924958038901
813672,2022-02-22,0.02507363023439705
813672,2020-02-24,0.014913886536431317
813672,2021-02-22,0.0054031639287029695
813672,2019-02-27,0.004612398235605747
60667,2021-03-22,0.006815937145553603
60667,2019-04-02,0.010428145265838896
60667,2022-03-21,-0.021224308953205425
60667,2023-03-27,-0.001114557338750292
60667,2020-03-23,0.03856200238110784
1141391,2022-02-11,0.007790659921201834
1141391,2023-02-14,-0.0028340472863765524
1141391,2021-02-12,-0.004716854517310697
1141391,2020-02-14,0.004481577983083561
1141391,2019-02-13,-0.002033222801199029
1501585,2022-02-10,-0.013116567713618962
1501585,2019-02-14,0.0033328845760887808
1501585,2023-02-09,-0.013658671221424588
1501585,2021-02-11,0.017050791038230362
1501585,2020-02-13,-0.025541978639061533
1590895,2023-02-22,-0.0014372906171571799
1590895,2021-03-01,0.002339487902819595
1590895,2022-02-24,-0.010578388968121267
1393612,2020-02-26,0.00021729112605690026
1393612,2022-02-24,-0.016087044007400915
1393612,2019-02-20,-0.00245222674336587
1393612,2023-02-23,0.006242936496679184
1393612,2021-02-17,0.011484592324098281
1137774,2023-02-16,0.0010613984619364
1137774,2021-02-19,0.0314215616280885
1137774,2020-02-14,-0.005222158221611596
1137774,2019-02-15,0.008251311056585954
1137774,2022-02-17,-0.001850012267452534
1058290,2021-02-12,-0.008017274322354835
1058290,2019-02-19,-0.007693015250991182
1058290,2020-02-14,0.002329812586494472
1058290,2023-02-15,0.0015419975330544736
1058290,2022-02-16,0.001037126077615021
89800,2021-02-19,-0.015113418633338403
89800,2019-02-22,-0.004116397588904353
89800,2022-02-17,-0.0008294150809316728
89800,2023-02-22,-0.0001465085447822479
89800,2020-02-21,0.001245652954732874
827054,2019-05-30,0.0077978581106372905
827054,2022-05-20,0.0051407384715898
827054,2020-05-22,0.0040155251520105125
827054,2021-05-18,0.009170212270512238
827054,2023-05-25,-0.008234478133755968
740260,2023-02-10,-0.006290004054864736
740260,2021-02-23,-0.0025560041735467514
740260,2020-02-24,-0.02959446592900676
740260,2019-02-08,-0.002542068337851435
740260,2022-02-18,0.004630878696439265
874766,2019-02-22,-0.00043997866063337824
874766,2020-02-21,-0.011924418080691994
874766,2021-02-19,0.013905002536153618
874766,2022-02-18,0.0026392465905790106
874766,2023-02-24,0.0019839534340241063
723125,2021-10-08,-0.007256691046606112
723125,2023-10-06,-0.0058351035405032935
723125,2022-10-07,-0.0024005647565572986
723125,2020-10-19,0.014612595904095502
723125,2019-10-17,-0.0016623827588083495
217346,2022-02-17,-0.0021279110367855318
217346,2020-02-25,-0.008638034084013686
217346,2023-02-16,0.0058637935219871375
217346,2019-02-14,-0.0011477007721619587
217346,2021-02-19,0.01974400291875631
2969,2020-11-19,0.009609588830580267
2969,2019-11-26,-0.0005078500801628592
2969,2022-11-22,0.0005855952264327744
2969,2023-11-16,0.0008880987583158347
2969,2021-11-18,0.0026127090817088684
354950,2023-03-15,0.004685544986565526
354950,2022-03-23,-0.017351594700096926
354950,2019-03-28,0.0027947114307419856
354950,2021-03-24,0.012401115482180373
354950,2020-03-25,-0.006299748841454039
1136893,2023-02-27,-0.006182595883847796
1136893,2022-02-23,-0.01058238502824018
1136893,2021-02-18,0.011400358352711063
1136893,2019-02-21,-0.0015114562299416159
1136893,2020-02-20,-0.0006368434465097851
51644,2020-02-21,-0.005932781785789385
51644,2023-02-21,-0.0021935589400105177
51644,2021-02-22,0.0034133747013979287
51644,2022-02-22,0.007286744891675693
51644,2019-02-25,-0.0026117154940026423
72331,2023-12-20,0.006240109395996684
72331,2022-12-19,-0.003220973729993845
100885,2022-02-04,2.5480093587631168e-05
100885,2020-02-07,-0.00524988236178082
100885,2021-02-05,-0.005440964827190553
100885,2023-02-10,-0.007560188545913183
100885,2019-02-08,0.00422638422599379
6951,2019-12-13,-0.007045534075248475
6951,2022-12-16,0.00316954654887071
6951,2023-12-15,-0.006052988596584895
6951,2021-12-17,0.012417021610480857
6951,2020-12-11,0.002447843113225031
59478,2020-02-19,0.002483460090738762
59478,2022-02-23,0.00963234287278569
59478,2023-02-22,-0.01051898427937447
59478,2019-02-19,0.003128311185299838
59478,2021-02-17,0.0005500083724694061
1437107,2022-02-24,-0.004148026835583224
1043604,2022-02-11,0.003652476225644504
1043604,2019-02-22,-0.0008847369061738244
1043604,2020-02-20,-0.012292518480071617
1043604,2021-02-12,-0.015566201848623586
1043604,2023-02-10,0.002714387049315989
1336917,2019-02-25,0.004281699868564396
1336917,2021-02-24,0.012967888141985674
1336917,2020-02-26,-0.0010932096103929197
1002047,2019-06-18,-0.001996067747516232
1002047,2021-06-21,-0.002453295886678689
1002047,2022-06-16,0.0025708745629650738
1002047,2023-06-14,-0.006129140495743416
1002047,2020-06-15,-0.0028862688252627652
814547,2023-11-08,0.017231048617200272
68505,2020-02-14,0.0022522430540134423
68505,2023-02-16,0.0019902909015249272
68505,2022-02-16,-0.0033131601370826793
68505,2021-02-12,0.0011106433028093164
68505,2019-02-15,-0.0005429249648604657
1086222,2019-02-28,0.0066475000629659265
1086222,2021-02-26,-0.005025875063306242
1086222,2022-02-28,0.013738942589050854
1086222,2020-02-28,0.009222261445569056
1086222,2023-02-28,0.0048153124720972
1034054,2020-02-24,-0.004338495642579977
1034054,2022-03-01,0.021001104669758595
1034054,2021-02-25,-0.001287216410760841
1034054,2023-03-01,-0.009236509258191243
1034054,2019-02-28,0.001586129396574027
943452,2023-02-15,0.007906110112020182
943452,2021-02-19,0.00837774723940132
943452,2022-02-17,0.001453441642396738
943452,2019-02-27,0.0008906823019265587
943452,2020-02-24,0.016367910876480575
872589,2019-02-07,0.0025838108063623113
872589,2023-02-06,-0.010866019587742965
872589,2021-02-08,-0.0051134770333380345
872589,2022-02-07,-0.002098220117362385
872589,2020-02-07,0.009413275084354042
1060391,2020-02-14,-0.002194046722804841
1060391,2021-02-23,-0.002629999400439257
1060391,2019-02-08,-0.0018710873254816512
1060391,2023-02-23,-0.0026354464242349233
1060391,2022-02-11,-0.011398670986966702
1463101,2021-02-16,-0.028339265650466267
1463101,2023-02-13,-0.01737889649923136
1463101,2022-02-11,-0.0030484052924168626
1410636,2019-02-19,0.00585912086753131
1410636,2021-02-24,-0.015737595421651873
1410636,2023-02-15,0.001483601856907062
1410636,2022-02-16,0.0035088012972779243
1410636,2020-02-18,-0.0022278903762582005
1289490,2019-02-26,0.004704080265436988
1289490,2022-02-28,0.004783482598506651
1289490,2021-02-26,-0.015025030417415547
1289490,2023-02-28,0.005510943354964219
1289490,2020-02-25,-0.012508999835302494
45012,2020-02-11,0.004087639491209251
45012,2019-02-13,0.0016907224664421162
45012,2023-02-07,0.011640953896763406
45012,2022-02-04,0.014676964324197714
45012,2021-02-05,0.007257159748565559
1099800,2022-02-14,-0.0051096455954620585
1099800,2021-02-12,-0.007828856712130829
1099800,2020-02-14,0.007288081605062563
1099800,2019-02-15,-0.006890067531196404
1099800,2023-02-13,-2.303966041442354e-05
936468,2022-01-25,0.007233736305392623
936468,2020-02-07,-0.0017745445521976893
936468,2021-01-28,-0.005174200683176887
936468,2019-02-08,0.0015132176123829437
936468,2023-01-26,0.0037435072547501442
860731,2020-02-19,0.0003346152120120788
860731,2022-02-23,0.0025095846705442113
860731,2021-02-19,0.005902349406863924
860731,2023-02-22,-0.002874441476485879
1111928,2021-02-22,-0.008662176480160665
1111928,2019-02-27,-0.006339684888894009
1111928,2020-02-24,0.05904563402430625
922224,2019-02-14,-0.0013060498745158873
922224,2022-02-18,-0.015841158382916908
922224,2020-02-14,-0.006983185482839108
922224,2021-02-18,-0.0021694283584568694
922224,2023-02-17,-0.00041557590869288684
33213,2023-02-16,0.02531839942535863
33213,2022-02-10,0.015008534033234704
1013462,2019-02-28,-0.0001370669677281935
1013462,2023-02-22,0.008107356059271735
1013462,2020-02-27,-0.000670588786724078
1013462,2021-02-24,-0.0053279240240557794
1013462,2022-02-23,0.0065749245884054175
1352010,2021-02-25,0.018460387853132913
1352010,2022-02-25,0.0015610213992055637
1352010,2023-02-24,0.002523423664872297
87347,2021-01-27,0.010596818728124088
87347,2019-01-23,-0.0024365187891708284
87347,2022-01-26,-0.011532709438325454
87347,2023-01-25,0.005418646556734098
87347,2020-01-22,-0.00838264338577197
1100682,2022-02-16,-0.011830672756710917
1100682,2021-02-17,-0.0114204333740104
1100682,2023-02-22,-0.009409025702569
1057352,2023-02-22,-0.013681304407943662
1057352,2022-02-23,-0.009240304951838653
1001250,2023-08-18,-0.018444667880735392
1001250,2020-08-28,-0.006412885614653951
1001250,2019-08-23,0.0035109280795949625
1001250,2021-08-27,0.002946328145829022
1001250,2022-08-24,-0.0015997755670355378
779152,2022-08-25,-0.0022410339470714078
779152,2021-08-25,0.003031181403232915
779152,2020-08-25,0.002746116793555164
779152,2019-08-26,0.004424838301495952
779152,2023-08-24,-0.0021959745644089595
1065696,2021-02-26,-0.00010387866536524203
1065696,2019-03-01,0.005801503587999927
1065696,2022-02-25,0.005831206647279506
1065696,2020-02-27,-0.0031173850687828833
1065696,2023-02-23,-0.0022794083832117637
72971,2022-02-22,-0.0008039386707042948
72971,2020-02-27,-0.011122917762842466
72971,2021-02-23,0.0038739361331465104
72971,2019-02-27,0.002681108035309198
72971,2023-02-21,-0.0011211395361698752
1174922,2023-02-27,0.01893165542735171
1174922,2022-02-28,-0.020906694983603223
1174922,2020-02-28,-0.023751217621583696
1174922,2021-02-26,0.02739467457957439
1174922,2019-02-28,-0.007776388203979537
1534701,2019-02-22,-0.0012001666315946823
1534701,2023-02-22,0.010182094669660776
1534701,2022-02-18,-0.007345137203962711
1534701,2021-02-24,-0.004693056070491877
1534701,2020-02-21,-0.0024390027802503773
310158,2021-02-25,-0.002314682305357618
310158,2023-02-24,-0.004820862751332169
310158,2020-02-26,-0.0040648130244188285
310158,2022-02-25,0.004333807862167094
310158,2019-02-27,-0.0006235939621647788
200406,2023-02-16,-0.0009562564263257968
200406,2022-02-17,-0.006241409841354999
200406,2021-02-22,0.005349974138440077
200406,2019-02-20,0.003227820398995278
200406,2020-02-18,-0.002793436700360896
1687229,2023-02-22,-0.005648947893021648
1687229,2022-02-22,-0.0018002292353942245
804328,2022-11-02,0.00033966320160484613
804328,2021-11-03,0.0285939566914166
804328,2020-11-04,-0.0020382216776438375
804328,2023-11-01,0.006532273962438571
804328,2019-11-06,0.014969426569278337
352541,2023-02-24,-0.009036045807258886
352541,2020-02-21,-0.007957290315401563
352541,2021-02-19,-0.013087245378469274
352541,2022-02-18,-0.004373940827131067
352541,2019-02-22,-0.0004099622762375108
70858,2019-02-26,0.002052686686686656
70858,2020-02-19,0.003461330887920468
70858,2021-02-24,0.008442957768510609
70858,2023-02-22,-0.003962414347106106
70858,2022-02-22,-0.0017246404527459756
1324404,2021-02-24,-0.012880667060008172
1324404,2023-02-23,0.0017598411640479148
1324404,2019-02-22,-0.004983699732534949
1324404,2020-02-24,0.02638545591280043
1324404,2022-02-24,0.024933393891052404
749251,2023-02-16,-0.0013706381100567846
749251,2021-02-24,0.00031738346410396107
749251,2020-02-19,0.006310737356095336
749251,2022-02-23,-0.008559948172853596
749251,2019-02-22,0.0024294787106785756
1012100,2019-02-19,0.0071114854770977926
1012100,2021-02-25,0.0024520101936144397
1012100,2020-03-02,-0.00956402850763404
1012100,2022-02-22,0.008915791703659123
882184,2022-11-18,0.0013114925378506182
882184,2020-11-20,0.014177965561619434
882184,2023-11-17,-0.004856326704344709
882184,2019-11-25,0.0069075049310560795
882184,2021-11-18,0.002053553883772655
1679273,2019-07-25,0.017153550004572485
1679273,2022-07-27,0.010749542029955553
1679273,2021-10-25,-0.008552076622638538
1679273,2023-07-25,-0.017680491826078417
1679273,2020-07-28,-0.03413224347108662
1031296,2023-02-13,0.004507011102830707
1031296,2022-02-16,0.005048571711511912
1031296,2019-02-19,0.0061817461657679065
1031296,2021-02-18,-0.0024616659873717504
1031296,2020-02-10,0.0019429418634177038
764478,2020-03-23,0.011970396555214166
764478,2021-03-19,0.0031043762137429824
764478,2023-03-17,0.004348965821258844
764478,2019-03-28,0.0008452023161601182
764478,2022-03-18,-0.007436092688172151
1020569,2021-02-24,0.01187695285871614
1020569,2023-02-23,0.0042755416731651615
1020569,2019-02-14,0.00048350680559996594
1020569,2022-02-24,0.037727677829699366
1020569,2020-02-13,0.010713513821396427
1318605,2021-02-08,-0.00551691186194927
1318605,2023-01-31,0.02038318221717416
1318605,2020-02-13,0.05657723548125511
1318605,2022-02-07,-0.005587604856826401
78239,2020-04-01,-0.030928255643638464
78239,2021-03-31,0.00773435418222526
78239,2019-03-29,-0.003539502542867109
1022079,2023-02-21,-0.01238197320091251
1022079,2021-02-22,-0.013136788998739008
1022079,2022-02-28,0.010275290830351898
1022079,2020-02-20,-0.0009028346578834889
1022079,2019-02-21,-0.006608711620554828
1108524,2019-03-08,-0.0012457546402295941
1108524,2022-03-11,-0.0007673974144167877
1108524,2023-03-08,-0.002372337626375765
1108524,2020-03-05,-0.00612667405403842
1108524,2022-02-25,-0.004553351769171229
906107,2023-02-16,0.0005997160492608721
906107,2022-02-17,0.003813756739115458
906107,2020-02-20,0.003190378544352411
906107,2019-02-21,0.003987021626728843
906107,2021-02-18,0.007796070953688352
49196,2021-02-26,0.004147271953485665
49196,2022-02-18,-0.0031973534312782705
49196,2019-02-15,0.008795855196052665
49196,2023-02-17,0.00036340733621514
49196,2020-02-14,-0.001650301114301045
909832,2022-10-05,-0.0015643745890993994
909832,2020-10-07,0.004180511329621072
909832,2021-10-06,0.0010818032503956717
909832,2019-10-11,-0.0017658056830933246
909832,2023-10-11,0.0034676446435125156
1013237,2023-10-27,0.007084491952492356
1013237,2021-10-22,0.004725475697797182
1013237,2022-10-21,0.0011692340088991927
1047862,2020-02-20,-0.009312235114996821
1047862,2019-02-21,0.005185288016304401
1047862,2022-02-17,0.0076113322184260136
1047862,2021-02-18,-0.0034390409606962855
1047862,2023-02-16,0.01055840376596769
10456,2022-02-23,-0.0020442294354643988
10456,2019-02-21,0.002057499551633509
10456,2021-02-11,0.0005611003453058754
10456,2020-03-17,0.03972447520679401
10456,2023-02-09,-0.01585072018277573
313616,2021-02-25,0.0015835725480780492
313616,2020-02-21,0.0058618813392311425
313616,2023-10-26,-0.0047803739903165676
313616,2019-02-21,0.00408271654806624
313616,2022-02-23,0.00574201435164106
1652044,2022-02-02,-0.0037691684054904835
1652044,2019-02-05,-0.002521449201505265
1652044,2020-02-04,-0.0026356503529837393
1652044,2021-02-03,-0.0002156232673291847
1652044,2023-02-03,-0.010913242242549378
1000228,2019-02-20,-0.004442712776879066
1000228,2022-02-15,0.01890510444171745
1000228,2020-02-20,-0.0160134835245426
1000228,2023-02-21,-0.0002598020670543747
1000228,2021-02-17,-0.005965238751543894
783325,2022-02-24,0.0008909557955345623
783325,2023-02-23,-0.008536306469726494
783325,2019-02-26,0.0006248738653314499
783325,2020-02-27,-0.012843655117105609
783325,2021-02-25,-0.0011466104036411094
915913,2023-02-15,-0.013962639374474657
915913,2022-02-22,-0.008604277665017444
915913,2019-02-27,-0.010588732567561316
915913,2021-02-19,0.01869809114123557
915913,2020-02-26,0.005671239106181766
1285785,2022-02-23,0.052852299072066844
1285785,2020-02-20,0.03857285101235192
1285785,2019-03-13,-0.008705615156040333
1285785,2023-02-23,0.014907291640404989
1285785,2021-02-22,0.02044739603742691
823768,2022-02-15,-0.0011365266331645526
823768,2021-02-22,0.002733980596744744
823768,2023-02-07,0.006303781050959177
823768,2019-02-14,-0.00019896568444740511
823768,2020-02-13,-0.0022716150730862205
1571949,2023-02-02,0.0005128412413254271
1571949,2020-02-06,0.012854455763247966
1571949,2019-02-07,-0.0035476628010318307
1571949,2022-02-03,0.0010596649380134166
1571949,2021-02-04,-0.010355516319526161
1300514,2020-02-07,0.006199327423211808
1300514,2019-02-22,-0.00621756453245789
1300514,2023-02-03,-9.12604772437325e-05
1300514,2021-02-05,0.003453016244812073
1300514,2022-02-04,-0.0006619605116638502
315213,2019-02-15,0.00115952698979501
315213,2023-02-10,-0.0014781866830640544
315213,2021-02-12,0.011442372854859977
315213,2020-02-14,-0.004595737028650145
315213,2022-02-14,0.001452100242875079
1022671,2023-02-28,0.024961421711350677
1022671,2022-02-28,0.027973512631023448
815097,2022-01-27,-0.02025670250572006
815097,2019-01-28,-0.0022175588629542464
815097,2021-01-26,0.007839405814102515
815097,2020-01-28,0.003655035588015644
815097,2023-01-27,0.009358063107920998
97745,2020-02-26,0.0005951736278847551
97745,2021-02-25,0.005134240499207488
97745,2023-02-23,-0.002577533663841731
97745,2019-02-27,0.00681643416983768
97745,2022-02-24,0.0059815474936091
1267238,2020-02-19,0.00350778064733809
1267238,2019-02-22,0.0053899462541960146
1267238,2023-02-17,-0.004800500337069384
1267238,2021-02-19,0.008094844143789017
1267238,2022-02-22,0.005850411072988277
1419612,2021-02-19,0.018056987220288936
1419612,2022-02-22,-0.010436155326786368
822416,2023-02-06,-0.010775940774372158
822416,2019-01-31,-0.0017284812699600114
822416,2021-02-02,0.015473564090988398
822416,2022-02-07,0.007079254190476654
822416,2020-01-30,-0.010908187498782038
789019,2021-07-29,-0.0003047795083036581
789019,2022-07-28,-0.00232885283450333
789019,2019-08-01,0.0059130451862517055
789019,2020-09-18,0.006350045961748815
789019,2023-07-27,-0.0021552043903437478
27419,2019-03-13,0.003640990969419117
27419,2023-03-08,-8.947083191060802e-05
27419,2020-03-11,0.0043252215633952425
27419,2022-03-09,0.005941096124673686
27419,2021-03-10,-0.0025550592490936235
899051,2022-02-18,-0.0072624904309702785
899051,2023-02-16,-0.0028301498332003274
899051,2020-02-21,0.000532527233874952
899051,2021-02-22,0.02165182814450939
899051,2019-02-15,0.0028269338132838407
1326801,2023-02-02,0.008740699736620037
1326801,2022-02-03,-0.03970244937388771
885725,2021-02-23,-0.0023542313909646114
885725,2023-02-23,0.0015115525134441368
885725,2019-02-19,0.0029113349470946273
885725,2020-02-25,9.05772196617494e-05
885725,2022-02-23,0.0023081165261197704
815556,2020-02-06,-0.0023434782341383267
815556,2019-02-06,-9.033829369626992e-06
815556,2023-02-07,-0.003133047535263209
815556,2021-02-08,-0.0017609585155290946
815556,2022-02-07,-0.00961068474520141
766421,2019-02-15,-0.013482057113016446
766421,2022-02-11,0.0063486807922051545
766421,2021-02-26,0.010364493808167839
766421,2020-02-12,0.0029539882690763175
1156039,2022-02-16,0.0001589655943718309
1156039,2023-02-15,-0.0024282579287666934
93556,2022-02-22,-0.0057227619040231765
93556,2019-02-26,-0.011014596028649317
93556,2020-02-21,-0.00045469770702798173
93556,2023-02-23,0.004692723396404459
93556,2021-02-18,0.006837938792033036
1596783,2021-08-30,0.013889739598887023
1596783,2020-08-31,-0.01427086801849163
1596783,2022-08-29,-0.01366708214704979
1596783,2023-12-08,0.0013237844641419676
1179929,2023-02-13,-0.00993533967457478
1179929,2022-02-14,0.016076301789218553
1551152,2020-02-21,0.0031386332274261257
1551152,2022-02-18,0.004351614109557735
1551152,2023-02-17,0.009211532665292087
1551152,2021-02-19,0.0019669871230240422
1551152,2019-02-27,-0.0014224987524342394
4977,2023-02-24,0.0008748539523160251
4977,2022-02-23,-0.009174267170115703
4977,2019-02-25,0.0027642254014005724
4977,2020-02-21,-0.004769478208785679
4977,2021-02-23,-0.0009080657943711688
63908,2020-02-26,-0.01586044180680484
63908,2019-02-22,0.0006082536239786001
63908,2021-02-23,-0.0010078367739818675
63908,2023-02-24,0.0001998517127712585
63908,2022-02-24,-0.012322333166441782
943819,2022-08-12,-0.01040681199038689
943819,2019-08-08,0.00794931190348388
943819,2023-08-11,0.007780696858138467
943819,2020-08-13,0.00420862743931032
943819,2021-08-17,0.005135763531071666
354190,2021-02-08,-0.007122189371040514
354190,2023-02-10,-6.112357612738208e-05
354190,2022-02-18,0.0052040717240113285
354190,2020-02-07,0.0026058731091057157
354190,2019-02-08,0.0030097643496709257
51253,2019-02-26,-3.564755685179534e-06
51253,2022-02-28,-0.020279623266251788
51253,2020-03-03,0.006423570067293619
51253,2021-02-22,0.003025536933399686
51253,2023-02-27,-0.0031636300184940177
80661,2023-02-27,-0.001783214132222024
80661,2019-02-27,0.0013934181991643259
80661,2021-03-01,0.007076780835562607
80661,2020-03-02,0.018645842227943042
80661,2022-02-28,-0.003979285588790984
1645590,2023-12-22,0.0027661927323535886
1645590,2020-12-10,-0.001628145129947152
1645590,2022-12-08,-0.001673746066239168
1645590,2019-12-13,-0.010617533098676451
1645590,2021-12-10,-0.013659569373665617
33185,2022-02-24,0.009439023860917417
33185,2023-02-23,-0.006174001768479197
33185,2020-02-20,0.003659312114983072
33185,2021-02-25,-0.002017218625301142
33185,2019-02-21,0.0013208864576250753
1099219,2019-02-22,0.0007987349002457908
1099219,2021-02-19,0.021804271889103666
1099219,2020-02-21,-0.0017170162681911637
1099219,2023-02-23,-0.0007756478084918451
1099219,2022-02-18,-0.00033309709993833156
1604778,2020-05-20,0.012075705001184631
1604778,2021-05-24,0.002688452632822239
1604778,2019-05-17,-0.02577309851238904
1604778,2023-05-19,0.0031290286303109656
1604778,2022-05-20,-0.007828342407391553
1140859,2023-11-21,0.006395340838756534
1101239,2020-02-21,0.0008392075897728675
1101239,2022-02-18,0.004657652957216814
1101239,2019-02-22,-0.0003363021787932745
1101239,2023-02-17,-0.0022668192741403075
1101239,2021-02-19,-0.011948242688913256
1260221,2021-11-16,-0.006394861535935429
1260221,2023-11-09,0.0025500193335637844
1260221,2019-11-19,-0.0002517852076236788
1260221,2020-11-12,0.0052547719161781525
1260221,2022-11-10,-0.006430377907175818
1065280,2020-01-29,0.014099211063953457
1065280,2019-01-29,-0.008908134269182303
1065280,2023-01-26,-0.0178106518709025
1065280,2022-01-27,0.06939881553695798
1065280,2021-01-28,0.006238201499622073
91576,2022-02-22,-0.006236992533364791
91576,2019-02-25,-9.696767396486687e-05
91576,2023-02-22,-0.007163528025171936
91576,2021-02-22,0.015388874899335138
91576,2020-02-26,-0.011566851647187227
20286,2019-02-22,0.0003522740700298416
20286,2021-02-25,0.001939542376376736
20286,2020-02-25,-0.01390777478555793
20286,2023-02-23,-0.004468132076222537
20286,2022-02-24,-0.01218617119325975
711404,2019-12-20,-0.0014250752727106874
711404,2022-12-09,-0.004727553988707776
711404,2023-12-08,0.00370229429272884
711404,2021-12-10,-0.002007316983076824
711404,2020-12-11,-0.004086684525346753
4904,2019-02-21,0.0007591924670968995
4904,2020-02-20,-0.015399905538132086
4904,2021-02-25,-0.002253309870601526
4904,2023-02-23,-0.005556377290483821
4904,2022-02-24,0.016524211246534914
1043277,2019-02-25,-0.0046139890361684465
1043277,2021-02-19,-0.0025871095335562103
1043277,2020-02-19,0.006325872962183368
1043277,2022-02-23,0.0027790799545654387
1043277,2023-02-17,0.003559218094396059
927628,2022-02-25,-0.0067964138968596545
927628,2023-02-24,0.003675197438057379
927628,2020-02-20,-0.004653592582454814
927628,2021-02-25,0.007162252562987899
927628,2019-02-20,-0.0014864545842571738
1335258,2021-03-01,0.012054730319877159
1335258,2020-02-27,0.04594550967064169
1335258,2022-02-23,-0.011932173072865343
1335258,2019-02-28,0.006302764538257701
1335258,2023-02-23,0.007350883033553142
1396009,2020-02-26,0.012917044149854881
1396009,2019-02-26,0.002840754573542363
1396009,2023-02-24,-0.00023238351776347604
1396009,2021-02-25,-0.003097286298998736
1396009,2022-02-25,-0.001910052151164101
1097149,2020-02-28,-0.010759683581818457
1097149,2023-02-27,0.0033725936411005495
1097149,2022-02-25,-0.0163109394071695
1097149,2019-02-28,-0.007894341992786894
1097149,2021-02-26,-0.014766931448500335
47111,2021-02-17,0.0004846443644983459
47111,2023-02-17,0.004364630283732908
47111,2022-02-18,0.0009481568674308685
47111,2020-02-20,-0.003173277625244877
47111,2019-02-22,-0.004147247939722392
1370637,2023-02-23,-0.010799277714273116
1370637,2022-02-25,0.04608028073256941
1370637,2020-02-27,0.016985021616578045
1370637,2021-02-26,0.030892766659384986
732717,2019-02-20,0.0035427664388710993
732717,2020-02-20,-0.002025578300112697
732717,2023-02-13,0.00455651830902907
732717,2022-02-16,-0.001651049587875234
732717,2021-02-25,-0.00913788147183179
47217,2019-12-12,0.001058594182106182
47217,2020-12-10,0.004407893072291776
47217,2022-12-06,-0.0071754702052143115
47217,2023-12-18,-0.004359806397585861
47217,2021-12-09,-0.00498857938093771
1341439,2019-06-21,0.0064901889005576485
1341439,2021-06-21,-0.0011901876750876027
1341439,2022-06-21,-0.004111712664839419
1341439,2020-06-22,0.0027614227771558396
1341439,2023-06-20,-0.012316457010261989
1138118,2022-03-01,-0.008587618282795199
1138118,2021-02-24,-0.004731742069863907
1138118,2023-02-27,-0.002216165435593546
1138118,2020-03-02,-0.0037756831020518584
1138118,2019-03-01,-0.0028682183379734614
1091667,2020-01-31,0.012020912974241902
1091667,2019-01-31,0.018238835862196955
1091667,2022-01-28,0.002846809289889166
1091667,2021-01-29,-0.02027316555533226
1091667,2023-01-27,-0.013903772696122061
1326160,2023-02-27,-0.013824023786352956
1326160,2019-02-28,0.0009447107031953831
1326160,2022-02-24,0.0003738966686297142
1326160,2021-02-25,0.0012097904519969489
1326160,2020-02-20,0.001370430004706492
24545,2020-02-12,-0.0031283155261711527
24545,2022-02-23,0.028186354481924785
24545,2019-02-12,-0.014397799934660671
24545,2023-02-21,-0.006633161112173689
24545,2021-02-11,0.006766101666493184
73309,2021-02-26,0.008760613625371148
73309,2020-02-28,-0.006585152122971262
73309,2022-02-28,0.012601140283200194
73309,2023-03-01,0.005005163725505708
73309,2019-02-28,-0.004459654449517179
1048695,2019-11-15,-0.001060282460442141
1048695,2020-11-19,0.007017839586555171
1048695,2021-11-16,0.006605881531987084
1048695,2022-11-15,-0.0004847795337452716
1048695,2023-11-14,0.006180092997689094
927653,2021-05-12,-0.0016106962787130448
927653,2020-05-22,0.01711567196017658
927653,2019-05-15,0.000475912744491192
927653,2022-05-09,0.002193399300445348
927653,2023-05-09,0.004089358267659252
1090872,2020-12-18,-0.001482810345959343
1090872,2022-12-21,0.0021398025866318296
1090872,2019-12-19,0.0006431975610829422
1090872,2021-12-17,0.006495595111418434
1090872,2023-12-20,9.665540353232058e-06
5272,2020-02-21,-0.006809181545295695
5272,2021-02-19,0.010263521004026697
5272,2023-02-17,-0.008651697489297838
5272,2019-02-15,0.009470042529614598
5272,2022-02-17,0.013574975529229327
1065088,2020-01-31,0.0010676302460698242
1065088,2022-02-24,0.0024979348111503165
1065088,2021-02-04,0.01926196875116689
1065088,2023-02-23,0.006828164134712347
1065088,2019-01-30,0.012482604162035636
1286681,2021-02-25,-0.007856437865375028
1286681,2020-02-20,0.015919818248485883
1286681,2022-03-01,-0.012004235462557177
1286681,2023-02-23,-0.017302938627704385
106535,2019-02-15,0.0007605691135427232
106535,2022-02-18,-0.00018131445298225383
106535,2020-02-14,0.007968936168162702
106535,2021-02-19,0.017034283366988222
106535,2023-02-17,-0.0017492907065123295
37996,2022-02-04,-0.010127752533121863
37996,2023-02-03,0.003510934962049967
37996,2019-02-21,-0.0010890935587364262
37996,2021-02-05,-0.000739679029309318
37996,2020-02-05,-0.012553340666501753
73124,2019-02-26,0.0027015529764784605
73124,2022-02-28,-0.01110687187094054
73124,2021-02-23,-0.0003253353750885509
73124,2023-02-28,0.0003836384057051435
73124,2020-02-25,0.0024637462882772547
726728,2021-02-23,-0.0023578621491335836
726728,2023-02-22,-6.11249329010655e-05
726728,2022-02-23,-0.0011791375437200367
726728,2019-02-22,-0.004090503363944923
726728,2020-02-24,-0.01548540093976395
1281761,2019-02-22,0.0016526464800422284
1281761,2020-02-21,-0.0050668902632683656
1281761,2021-02-24,-0.0028515597477168364
1281761,2023-02-24,0.005720205776135758
1281761,2022-02-24,-0.01600584454822319
759944,2019-02-21,-0.00739785612875502
759944,2020-02-24,0.004088273789797023
759944,2021-02-23,0.007985970831499215
759944,2022-02-23,-0.00681743140668988
759944,2023-02-17,-0.0019308849379456377
1002910,2023-02-22,-0.006430237060714295
1002910,2021-02-22,-0.001841454291169443
1002910,2020-02-28,0.012643840292292943
1002910,2022-02-23,-0.0037215178792328633
1002910,2019-02-26,-0.0014974047608031253
1633917,2020-02-06,-0.0020880705677173883
1633917,2022-02-03,-0.025939840706126937
1633917,2023-02-10,-0.011050388899423254
1633917,2021-02-05,0.002613835748870244
1633917,2019-02-07,0.004519748326561982
940944,2022-07-22,-0.0058826502145099616
940944,2019-07-19,2.9173401315567976e-05
940944,2021-10-25,-0.00504639648119953
940944,2023-07-21,-0.007550345794048877
940944,2020-07-24,0.011151215177066597
1013871,2021-03-01,0.008248252762371271
1013871,2023-02-23,0.0006392790976853279
1013871,2020-02-27,-0.005640859598581455
1013871,2019-02-28,0.00509484178293269
1013871,2022-02-24,-0.011605182466735302
1058090,2023-02-09,-0.0013544563739584427
1058090,2021-02-10,-0.008615300448884134
1058090,2022-02-11,0.0056812424332500664
1058090,2020-02-05,0.00664002053434319
1058090,2019-02-08,0.0019913020494844737
51143,2022-02-22,-0.002871940616079537
51143,2020-02-25,-0.015175811826184145
51143,2019-02-26,-0.0009148654826515623
51143,2023-02-28,-0.005125179522625388
51143,2021-02-23,0.002289672922607931
105770,2021-02-23,0.010035602560212797
105770,2022-02-22,0.0052311213375766
105770,2023-02-21,0.0012258768232243935
105770,2020-02-24,-0.005594704550202433
8670,2021-08-04,-0.0010133897638845003
8670,2019-08-09,0.001546614294690797
8670,2022-08-03,0.0032231057584062566
8670,2023-08-03,-0.00042375519687580044
8670,2020-08-05,0.0014976341249155973
788784,2020-02-26,-0.02732678354208732
788784,2021-03-01,0.0047209978437505115
788784,2023-02-22,-0.0004032919433040788
788784,2019-02-28,0.005478917160672694
788784,2022-02-24,-0.00021294159595633356
63754,2022-01-27,0.01152816829030206
63754,2023-01-26,0.002945662125241509
63754,2020-01-28,-0.015530906327741215
63754,2021-01-28,-0.00950351637871013
63754,2019-01-25,0.00039703850962369107
26172,2022-02-08,0.00022694981506377445
26172,2023-02-14,0.014306607208748023
26172,2020-02-11,0.0058964289980774276
26172,2021-02-10,0.00032017407323143237
26172,2019-02-11,0.0006551201673953529
2488,2019-02-08,-0.008929869941017965
2488,2021-01-29,-0.0011141445521012164
2488,2020-02-04,-0.013109685113048431
2488,2022-02-03,0.015827420124332452
2488,2023-02-27,0.005603772598254238
908255,2020-02-13,0.008568536922542329
908255,2022-02-15,0.0009920649145411136
908255,2023-02-09,0.013295535548612689
908255,2019-02-19,-0.0028615951696833292
908255,2021-02-22,0.011229597889045404
851968,2023-02-22,-0.013738911486238736
851968,2021-02-24,0.010060140740271577
851968,2019-02-28,-0.005290145554883607
851968,2020-02-28,-0.007921941047978179
851968,2022-02-23,-0.005791764612834382
48465,2020-12-04,-0.0025514537111155314
48465,2023-12-06,0.002135825821726982
48465,2022-12-06,-0.0023560246234596025
48465,2019-12-06,-0.00016892370500228644
48465,2021-12-10,0.02164925933730462
80424,2020-08-06,0.0001276497521339186
80424,2022-08-05,0.0004367228640855598
80424,2019-08-06,0.003215268237733656
80424,2021-08-06,0.0010314728258916696
80424,2023-08-04,0.0025173837180836552
879169,2020-02-13,0.02221498737357061
879169,2023-02-07,-0.014401394604411089
879169,2022-02-08,-0.021727688850885156
879169,2021-02-09,-0.02799564696808881
879169,2019-02-14,0.00044636544841558917
1037540,2022-02-25,0.0012117795272139137
1037540,2020-03-02,0.009528908326290123
1037540,2023-02-27,-0.004886099332813229
1037540,2021-02-26,0.004338806348768468
1037540,2019-02-28,0.0044219187454281345
34088,2021-02-24,0.010733341641894394
34088,2020-02-26,-0.007482514081945807
34088,2022-02-23,0.010712749967503097
34088,2019-02-27,0.0067879745642938265
34088,2023-02-22,0.0008026864418812659
36104,2023-02-27,-0.00437844893538958
36104,2020-02-20,0.0033590069686105176
36104,2021-02-23,0.007018376684089801
36104,2022-02-22,0.006542606042483273
36104,2019-02-22,0.002830294406781108
103379,2021-05-27,0.0014999489932926594
103379,2023-05-25,-0.01837171678456653
103379,2019-05-24,-0.0009207100098671598
103379,2020-05-27,-0.015189330608445089
103379,2022-05-26,0.006642670736066368
92122,2021-02-18,-0.0007951534066127819
92122,2022-02-17,-0.00026975875560158145
92122,2019-02-20,0.006179151090710763
92122,2023-02-16,-0.0028909197023129288
92122,2020-02-20,-0.013815435268386564
1170010,2023-04-13,-0.006651048725757539
1170010,2020-04-21,0.018279349197253842
1170010,2021-04-20,0.0029143304532270467
1170010,2019-04-19,-0.005043508978198744
1170010,2022-04-14,-0.0029575734350601648
921738,2021-02-26,0.023760723887819656
707549,2020-08-18,-0.017056327284045346
707549,2023-08-15,0.0051324386920045375
707549,2022-08-24,0.00013978989677083335
707549,2021-08-17,-0.0036458275765106534
707549,2019-08-20,0.0015222623329109622
313927,2019-02-21,0.0023160021884489697
313927,2023-02-16,0.00711557208817107
313927,2021-02-18,-0.002686597710872477
313927,2022-02-17,0.007106592822706154
313927,2020-02-18,-0.0009944666698041042
936340,2021-02-19,0.011294082624266254
936340,2020-02-05,-0.002825745217541255
936340,2019-02-07,0.0029384218199292773
936340,2022-02-10,-0.0005732568139138693
936340,2023-02-23,-0.011069868857018803
1316835,2023-02-28,0.0140068427835768
12659,2019-06-14,0.000818095902431753
1120193,2020-02-25,-0.026051473156258713
1120193,2023-02-23,-0.0028591710082333304
1120193,2019-02-22,0.008747807655590011
1120193,2022-02-23,-0.004682419846494966
1120193,2021-02-23,-0.003993840619058968
728535,2019-02-22,-0.012828923699987347
728535,2020-03-02,-0.010385484426369718
728535,2023-02-24,0.0014969493678179072
728535,2021-02-23,0.004681771808327914
728535,2022-02-25,0.010283125814302827
1442145,2019-02-19,-0.005614584551882096
1442145,2023-02-28,0.016809142642044257
1442145,2022-02-22,-0.011831472699440362
1442145,2020-02-18,0.0014453376123594749
1442145,2021-02-23,-0.001992433718601546
1126328,2021-02-12,-0.004615390472893981
1126328,2019-02-13,0.007822703408485888
1126328,2020-02-14,0.003899836994322054
1126328,2022-02-11,-0.007916731425982452
1126328,2023-02-16,0.00196497575534075
97210,2023-02-22,-0.0016393172652077255
97210,2020-03-02,0.007139727605128047
97210,2021-02-22,-0.022768176836263157
97210,2022-02-23,0.0006640647361672173
882835,2020-02-28,-0.002003664556050816
882835,2021-02-22,0.0015837953496259656
882835,2019-02-25,0.0043858692235478865
882835,2022-02-22,-0.000502790407590251
882835,2023-02-27,0.002036964218354348
1037868,2022-02-22,0.0009385700840286318
1037868,2019-02-21,-0.004024456517201575
1037868,2021-02-18,-0.0005840246530508597
1037868,2020-02-20,-0.00524373623337406
1037868,2023-02-21,-0.0030323496775639903
72903,2022-02-23,-0.001540260487263758
72903,2021-02-17,0.001870329615851914
72903,2020-02-21,-0.0076952216409248465
72903,2023-02-23,-0.00851565806486615
72903,2019-02-22,-0.0027866566386673067
720005,2023-11-21,0.0029847617659404806
720005,2022-11-22,-0.012828532732464218
720005,2019-11-26,-0.0024602496318004785
720005,2021-11-23,0.010215937830706873
720005,2020-11-24,-0.007046952676740093
55785,2020-02-13,0.0008475049202392197
55785,2022-02-10,-0.002637436128060175
55785,2023-02-09,-0.00281489818815842
55785,2019-02-07,0.0033241901000641986
55785,2021-02-11,-0.003350075506733197
28412,2023-02-14,-0.0071034026208917755
28412,2022-02-16,1.7189255174365065e-06
28412,2020-02-11,0.0023282004712079822
28412,2021-02-09,1.1529317385937116e-05
28412,2019-02-12,0.006459044235863641
1063761,2021-02-25,-0.009105336850899756
1063761,2019-02-22,-0.0010182886169354517
1063761,2023-02-23,0.0037646705549699826
1063761,2022-02-24,-0.007186867721608713
1063761,2020-02-21,-0.004428269476403172
935703,2020-03-20,-0.004891885894043154
935703,2023-03-10,0.006216535162607919
935703,2019-03-27,0.0029093623693147615
935703,2022-03-15,0.0002588063239570863
935703,2021-03-16,-0.007578403400877527
109198,2021-03-31,-0.004847200814001153
109198,2020-03-27,-0.003839275167621184
109198,2019-04-03,0.0017624108819588678
109198,2023-03-29,0.003165554806348483
109198,2022-03-30,-0.0018236748840334154
84839,2019-03-01,0.0016508305931765108
84839,2020-02-28,0.007651888634800915
84839,2022-02-25,0.013704733946472243
84839,2021-02-26,-0.010891058692229505
84839,2023-02-16,0.0033193630501208342
829224,2022-11-18,0.005667089783486259
829224,2019-11-15,-0.0032375613504657553
829224,2023-11-17,-0.011772089176674728
829224,2020-11-12,0.011132256538793394
829224,2021-11-19,0.005039984615655241
1041061,2022-02-23,-0.007542512697506821
1041061,2019-02-21,-9.94913006848743e-06
1041061,2020-02-20,-0.006897449881243088
1041061,2023-02-27,0.0012990926082364304
1041061,2021-02-22,0.0007650284863448585
811156,2020-02-06,-0.00233592461992033
811156,2023-02-09,-0.002227126626908645
811156,2019-02-05,0.003147836507938591
811156,2021-02-11,-0.006667026686688643
811156,2022-02-10,-0.010817303707178491
76334,2021-08-25,0.00037969238272414756
76334,2022-08-24,-0.0033143206040890283
76334,2019-08-23,-0.0019293634450141782
76334,2023-08-24,0.0047019379255214275
76334,2020-08-26,-0.01006945422386032
1024478,2022-11-08,0.01224230911392269
1024478,2023-11-08,0.0032393016056204804
1024478,2021-11-09,0.004102521616978079
1024478,2020-11-10,-0.02116054207980337
1024478,2019-11-12,0.0006624221635073383
1103982,2023-02-03,-0.001877689147371194
1103982,2022-02-04,0.0011936502420350284
1103982,2020-02-07,0.00044943306390656857
1103982,2019-02-08,0.003891203147789332
1103982,2021-02-05,-0.006358202579447949
814453,2022-02-14,0.014480612702230564
814453,2019-03-04,-0.00653309072418342
814453,2021-02-19,0.0014709204101234722
814453,2020-03-02,-0.01990403395265356
75362,2021-02-17,-0.005345326726928716
75362,2023-02-22,-0.006494903365797267
75362,2022-02-23,-0.006833414783934863
75362,2020-02-19,0.01211596543282156
75362,2019-02-21,0.001366608538723058
1601712,2022-02-10,0.006126206667164154
1601712,2020-02-13,-0.00401510156847407
1601712,2021-02-11,-0.011563880944930112
1601712,2019-02-15,0.0007410716250614327
1601712,2023-02-09,0.0023262964529255073
1800,2019-02-22,0.006006636554115121
1800,2022-02-18,0.006266448395565697
1800,2023-02-17,-0.006805738389875341
1800,2020-02-21,-0.0031186348566916407
1800,2021-02-19,-0.008855859663711357
7084,2023-02-14,0.00032338726851384805
7084,2020-02-18,-0.001006294835008872
7084,2022-02-17,0.004131267521874951
7084,2019-02-19,-0.001059907178811694
7084,2021-02-18,0.00589029872449367
820027,2019-02-27,-0.001295395988721106
820027,2021-02-24,0.0006290051998159227
820027,2020-02-26,-0.003103944586373434
820027,2023-02-23,0.004513197186267668
820027,2022-02-25,0.005563052620487934
29989,2023-02-08,0.011166392047870847
29989,2021-02-18,0.007672542626118716
29989,2022-02-09,-0.004595426427166903
29989,2019-02-12,-0.0027157786320598045
29989,2020-02-11,0.006107414343029919
793952,2019-02-28,0.00445190596723051
753308,2022-02-18,-0.0015677932059100863
753308,2023-02-17,-0.006732964905321784
753308,2021-02-12,-0.010782224566022073
753308,2020-02-14,0.009675996397356891
753308,2019-02-15,0.005248164956235304
1373715,2020-02-20,-0.006686641642958112
1373715,2019-02-27,0.002720066358406029
1373715,2023-01-31,0.007199396613031053
1373715,2021-02-12,-0.008288279986437521
1373715,2022-02-03,0.014454284959911379
277948,2021-02-10,0.0059891694897960136
277948,2023-02-15,0.002208866767381746
277948,2019-02-06,0.006678171185791608
277948,2022-02-16,0.007055511233853743
277948,2020-02-12,0.0036929550755875145
866787,2019-10-28,-0.0006466843669037483
866787,2022-10-24,0.022191706899276895
866787,2021-10-25,-0.003803134943912839
866787,2020-10-26,-0.010197891291438981
866787,2023-10-24,0.01014967627338077
1590955,2021-02-18,-0.0056945078327504855
1590955,2022-02-17,0.003650066604140488
1590955,2023-02-16,0.0003313041342354805
1590955,2020-02-13,0.020530854376286083
1510295,2022-02-24,-0.007026817546254695
1510295,2019-02-28,-0.011989696846080599
1510295,2023-02-23,0.006616524959908282
1510295,2020-02-28,-0.029924650263693713
1510295,2021-02-26,0.004074494583304715
56873,2019-04-02,-0.0031094573464954733
56873,2020-04-01,0.026793304722680978
56873,2021-03-30,0.002618649507772629
56873,2023-03-28,0.0004849820508369617
56873,2022-03-29,0.0006634262014833736
831259,2020-02-14,-0.007958522721151391
831259,2021-02-16,0.04645531656095716
831259,2019-02-15,0.000949306576441507
831259,2023-02-15,0.004198174420082509
831259,2022-02-15,0.006902255035956213
74208,2020-02-18,0.005074076135219897
74208,2019-02-19,0.002975849110766672
74208,2023-02-13,0.004951695689798738
74208,2022-02-15,0.005004937196791131
74208,2021-02-18,0.010320465551089359
107263,2022-02-28,0.01989133042311931
107263,2019-02-21,-0.005329147359813014
107263,2023-02-27,-0.009562348349510084
107263,2020-02-24,-0.00622152557187963
107263,2021-02-24,-0.003794109382005766
86312,2022-02-17,0.0035131252771176402
86312,2023-02-16,0.00648137421020223
86312,2021-02-11,0.004116549424897662
86312,2019-02-14,0.0028048111705096493
86312,2020-02-13,-0.003236028235488121
9389,2022-02-16,-0.002259593031601845
9389,2023-02-21,0.005475712911331702
40987,2021-02-19,0.008575607220592658
40987,2023-02-23,-0.0017475708750302982
40987,2019-02-25,-0.0037415608384308557
40987,2020-02-21,-0.008676221714780382
40987,2022-02-17,-0.008068349808254736
773840,2020-02-14,0.0016127893308998348
773840,2019-02-08,0.0025622080390630166
773840,2022-02-11,-0.0007895044575299646
773840,2023-02-10,0.002864549228474557
773840,2021-02-12,0.0009181641214831531
1618921,2021-10-14,-0.014879858550843256
1618921,2023-10-12,-0.010575631958548309
1618921,2020-10-15,0.003782025427122102
1618921,2019-10-28,-0.005366838966421254
1618921,2022-10-13,0.000783338231651257
12927,2022-01-31,0.026086807124573494
12927,2023-01-27,0.0014813934556618556
12927,2021-02-01,-1.3283048563756533e-05
12927,2020-01-31,-0.004068757939968316
12927,2019-02-08,-0.003958115144571914
1262039,2019-02-27,-0.00685219606913364
1262039,2021-02-19,-0.003301094541796787
1262039,2020-02-26,0.01708319654097545
1262039,2022-02-25,-0.003167598750159475
1262039,2023-02-24,-0.005417456256386517
920522,2022-02-25,0.007687206281509281
920522,2021-02-19,0.0036382288030836064
920522,2020-02-20,0.006831846446641341
920522,2019-02-21,0.003593207684608181
920522,2023-02-23,-0.0011703442511057627
1585689,2022-02-16,-0.009513630111255618
1585689,2020-02-11,-0.001628732699216468
1585689,2021-02-17,0.03014772242480126
1585689,2019-02-13,0.00956453765669689
1585689,2023-02-09,0.009096181895919375
723531,2023-07-14,0.00283143978071747
723531,2020-07-17,-0.0017031921941527324
723531,2021-07-16,-0.0027693124584515704
723531,2019-07-24,0.003596301543699972
723531,2022-07-15,0.004167691217801202
896878,2021-09-08,0.004199809286841731
896878,2020-08-31,-0.0010093971532187556
896878,2022-09-02,0.0034842868316740444
896878,2019-08-30,-0.00046551000846090356
896878,2023-09-01,0.010611504676457668
16732,2022-09-22,-0.009238704375286465
16732,2019-09-26,0.0047637177430132
16732,2021-09-23,-0.0018732933121600227
16732,2020-10-26,0.0027244137751291945
16732,2023-09-21,-0.005168110981120149
38777,2019-11-12,-0.0028755208416688842
38777,2021-11-19,-9.909011977196625e-05
38777,2022-11-14,-0.006378164593879012
38777,2023-11-14,0.01117477178685796
38777,2020-11-23,0.013226836122744834
106040,2020-08-28,0.01910960075891345
106040,2019-08-27,0.00799246337112363
106040,2022-08-25,-0.006141822598798138
106040,2023-08-22,-0.004896968129447625
106040,2021-08-27,-0.014976990361666753
875045,2021-02-03,0.007234613651020231
875045,2022-02-03,0.0006917871640059586
875045,2019-02-06,-0.0024176904460072885
875045,2023-02-15,-0.009291699691448161
875045,2020-02-06,-0.002333871755270541
109380,2023-02-23,0.0034516272300683104
109380,2020-02-26,-0.007611270365750178
109380,2022-02-25,0.01949411998174199
109380,2019-02-26,-0.00021550260425357828
109380,2021-02-25,-0.003714536852704472
820313,2020-02-12,-0.0021505549367990457
820313,2023-02-08,0.000511710068463996
820313,2021-02-10,0.0035973208634383948
820313,2022-02-09,-0.004406139777270739
820313,2019-02-13,-0.002513169147822991
106640,2022-02-10,0.004173376690174297
106640,2019-02-12,0.007992823052388529
106640,2023-02-10,0.010426877725528238
106640,2020-02-11,-0.0012838966886977335
106640,2021-02-11,-0.008420124286000872
30625,2020-02-18,0.0038183667598772728
30625,2019-02-20,-0.006371971968573964
1045810,2023-02-24,-0.0014926991101042622
1045810,2021-02-26,-0.022467659096705672
1045810,2022-03-18,0.005116585394675882
1045810,2019-02-21,-0.007158361008350687
1045810,2020-02-20,-0.0009238956951176268
1164727,2023-02-23,-0.005337981267947862
1164727,2021-02-18,-0.0016146603036692126
1164727,2022-02-24,0.002933535416772874
1164727,2019-02-21,-0.004618899218479956
1164727,2020-02-20,0.008441429386031825
885639,2019-03-22,0.007879298643840953
318154,2022-02-16,0.004085120879261944
318154,2020-02-12,-0.00618761011901103
318154,2019-02-13,-0.0014326577308372752
318154,2023-02-09,0.0015757811568049955
318154,2021-02-09,0.0014775377699390126
29905,2019-02-15,0.0010094322996027792
29905,2021-02-12,-0.003923630453865842
29905,2022-02-11,0.0005934505595426506
29905,2020-02-14,0.0022919534411103056
29905,2023-02-10,0.0010823967137074703
58492,2019-02-27,0.0015097594007942362
58492,2020-02-20,0.0027195031963985197
100517,2022-02-18,-0.013485881905002921
100517,2021-03-01,-0.006691266689997739
100517,2019-02-28,-0.005894183232873915
100517,2023-02-16,0.003655962670611668
100517,2020-02-25,-0.025282471729366353
1050915,2022-02-25,-0.0025269308951201414
1050915,2023-02-23,0.014384809424780176
1050915,2021-03-01,-0.004175690252079103
1050915,2019-02-28,-0.0017860156941862924
1050915,2020-02-28,0.004268593453328525
731766,2021-03-01,0.0038715182691648822
731766,2023-02-24,-0.007177321692572205
731766,2020-02-14,-0.0005744948150583819
731766,2019-02-12,0.0111147920262007
731766,2022-02-15,-0.0014065438845616883
1555280,2020-02-13,-0.0012035555965231048
1555280,2022-02-15,-0.004559337318968509
1555280,2023-02-14,0.011792089407614264
1555280,2021-02-16,-0.002078620569774565
1555280,2019-02-14,0.002099083396848285
4447,2023-02-24,0.012165500012402944
4447,2020-02-20,0.009858135313218554
4447,2021-03-01,0.028678820716893566
4447,2022-03-01,0.0017832169986120084
4447,2019-02-21,-0.0034422941476737632
920760,2023-01-26,0.0025918802972479072
920760,2019-01-28,0.010245966834314687
920760,2020-01-27,0.004042713914674896
920760,2021-01-22,0.008068187054392446
920760,2022-01-28,-0.003874368250608492
1024305,2019-08-28,0.0064035587410342515
915912,2020-02-21,-0.0014788365887822962
915912,2022-02-25,0.0035268451081367285
915912,2021-02-25,-0.00869792861407085
915912,2019-02-22,-0.001656727409696537
915912,2023-02-24,-0.009293199082546253
1336920,2023-02-14,0.019841680380142175
1336920,2022-02-15,0.029149393824315695
1336920,2019-02-19,0.004241367120448071
1336920,2021-02-23,-0.02245691418726974
1336920,2020-02-18,-0.0066762281282662685
1467858,2023-01-31,0.021055209615820462
1467858,2019-02-06,-0.0009201503414252225
1467858,2020-02-05,-0.004270400264923673
1467858,2021-02-10,-0.012780917064658405
1467858,2022-02-02,-0.014974268196976292
1744489,2019-11-20,0.002114765096565577
1744489,2021-11-24,0.0003591259988974134
1744489,2020-11-25,-0.007287875680513412
1744489,2023-11-21,-0.00046090989025801706
1744489,2022-11-29,0.0016212843598519709
1000697,2020-02-25,-0.005596693776252993
1000697,2021-02-24,-0.006001624644296129
1000697,2019-02-26,0.0043741986438869665
1000697,2023-02-27,0.0020510451974138613
1000697,2022-02-24,0.004897264015901053
315189,2023-12-15,-0.0038450023736013327
315189,2021-12-16,0.01118327194413255
315189,2020-12-17,0.008066454704717773
315189,2019-12-19,-0.0006338169849017559
315189,2022-12-15,0.007734596615492697
1133421,2023-01-26,-0.003584993839578079
1133421,2022-01-27,-0.017504536537484527
1133421,2019-01-31,-0.007343533558717898
1133421,2021-01-28,0.005348662650520106
1133421,2020-01-30,-0.015703729564976343
874716,2020-02-14,0.003004859799076343
874716,2022-02-16,-0.00046397388530189636
874716,2019-02-15,0.00013391012990784826
874716,2021-02-12,0.014615350630732004
874716,2023-02-16,-0.004370680834231746
858877,2022-09-08,0.00035833742236785317
858877,2023-09-07,-0.003639475994588597
858877,2019-09-05,0.006920090091795231
858877,2020-09-03,0.0012835844932310358
858877,2021-09-09,0.0014778271952792647
64803,2023-02-08,0.00693158210509098
64803,2019-02-28,-0.013187390612115095
64803,2022-02-09,-0.006551139641418622
64803,2020-02-18,0.006777474418739477
64803,2021-02-16,-0.014414414868936652
40533,2023-02-07,-0.00263235185303147
40533,2019-02-13,-0.0003814279899328355
40533,2020-02-10,0.002335845769302833
40533,2021-02-09,0.005909271413965264
40533,2022-02-09,-0.00574618825515124
8818,2022-02-23,-0.010010767948396254
8818,2021-02-25,-0.003685854911042586
8818,2020-02-26,-0.0014230097999869142
8818,2023-02-22,0.0038196123770570943
8818,2019-02-27,0.006647571912935293
1383312,2021-08-12,0.006295383482131654
1383312,2023-08-08,0.015101052349674661
1383312,2019-08-06,0.0027946555350236903
1383312,2020-08-11,-0.00013966867042561074
1383312,2022-08-12,0.0009171173920635048
21344,2023-02-21,0.0024209357905507823
21344,2022-02-22,-0.003317555421254956
21344,2020-02-24,-0.009339032056631329
21344,2019-02-21,-0.006646824130846472
21344,2021-02-25,0.004217578478521124
4962,2019-02-13,-0.004294056328480313
4962,2020-02-13,0.006337027184350698
4962,2022-02-11,0.003985725845557736
4962,2021-02-12,0.004609343178560932
4962,2023-02-10,-0.002032358186963906
798354,2023-02-23,0.0027741057171603136
1601046,2021-12-17,0.0009674059930151252
1601046,2022-12-15,-0.0027179253474780944
1601046,2019-12-18,-0.004317603330550928
1601046,2020-12-17,0.01418521344812813
1601046,2023-12-15,-0.002446640092159788
1035267,2023-02-10,-0.005844581470674903
1035267,2022-02-03,-0.0025156092353327054
1035267,2021-02-10,0.009164921515293963
1035267,2020-02-07,0.0010246513417389528
1035267,2019-02-04,-0.008090986232490388
36270,2020-02-20,0.004009291299422767
36270,2021-02-22,0.01330593831826522
36270,2022-02-16,0.007957455107509845
36270,2023-02-22,-0.003424863836775178
36270,2019-02-20,-0.0031812531616685594
1035443,2023-01-30,0.004293798326061213
1035443,2020-02-04,-0.0008355414904331663
1035443,2019-02-05,-0.003943858950077751
1035443,2021-02-01,0.00560229759849944
1035443,2022-01-31,-0.0011568775513859982
46080,2020-02-27,-0.016668682707762353
46080,2019-02-26,0.002813653572715918
46080,2023-02-22,-0.00717130206175838
46080,2022-02-23,0.002502639573222135
46080,2021-02-24,0.012017966598679777
712515,2021-05-26,0.0012659900474611475
712515,2020-05-20,-0.0075123964118562194
712515,2022-05-25,-0.0006591602988559224
712515,2019-05-24,0.0003245316167143199
712515,2023-05-24,0.0008671636733674303
59558,2021-02-18,0.01832854774743455
59558,2020-02-20,0.003903320631285281
59558,2019-02-20,0.00483460011590903
59558,2022-02-17,0.0005361081664385006
858470,2023-02-27,0.0024762732165877523
858470,2022-03-01,0.04711247602344204
858470,2021-02-26,-0.006126496146881547
878927,2022-02-23,0.018135777450939763
878927,2019-02-27,0.0006677652358729855
878927,2023-02-22,0.0010638771235495985
878927,2020-02-26,-0.01034048154415489
878927,2021-02-24,0.005819938302058637
1109357,2020-02-11,0.005019359323181206
1109357,2022-02-25,0.003031989022152368
1109357,2023-02-14,0.014201890946617206
1109357,2019-02-08,-0.0009940215416253035
1109357,2021-02-24,-0.006218460108728679
1048911,2023-07-17,0.00542995878269247
1048911,2021-07-19,-0.007505308886594275
1048911,2020-07-20,-0.002594011136627175
1048911,2022-07-18,0.004543145758472254
1048911,2019-07-16,0.006504939813712519
1564708,2022-08-12,-0.0071086202555075
1564708,2023-08-15,-0.006761319885279766
1564708,2021-08-10,-0.009790804546182738
1564708,2020-08-11,0.006777351441917006
1564708,2019-08-13,-0.0023231630452858385
1374310,2022-02-18,0.0026696800301915513
1374310,2021-02-19,0.009748063941031181
1374310,2020-02-21,0.0021182933383486653
1374310,2023-02-17,0.0012760961150548819
1374310,2019-02-22,-0.006479676098657859
865752,2021-03-01,-0.005528391174285991
865752,2019-02-28,0.007907611689194653
865752,2022-02-28,0.00043166297566146804
865752,2023-03-01,0.0044451668185272655
865752,2020-02-28,0.004592304792890913
877212,2020-02-13,0.0025488119084333184
877212,2019-02-14,-0.0003275558396121617
877212,2021-02-11,0.01517037327177976
877212,2022-02-10,-0.02806631150251375
877212,2023-02-16,-0.00978867064384854
72741,2023-02-15,0.0029198421660299395
72741,2021-02-17,-0.015261863702655726
72741,2020-02-27,-0.016502029429153933
72741,2019-02-26,0.0014795507935684794
72741,2022-02-17,0.003036552031431306
1539838,2020-02-27,0.03060493752680288
1539838,2021-02-25,-0.0011490665790445049
1539838,2023-02-23,0.012558458339784766
1539838,2019-02-25,0.0017060454820129055
1539838,2022-02-24,0.013104459742053647
769397,2020-03-19,0.021023990276158845
769397,2019-03-25,-0.005334748318498754
769397,2023-03-14,-0.005746150242809736
769397,2021-03-19,-0.0011586028107026768
769397,2022-03-14,0.0038857565311369276
1359841,2019-02-11,0.011844747673906364
1359841,2020-02-11,0.010531387031636856
91419,2019-06-17,-0.0028606946398161645
91419,2020-06-19,0.0014425502616016881
91419,2022-06-16,-0.003664384026111595
91419,2023-06-20,-0.006960493903258134
91419,2021-06-17,-0.004131890087107537
1524472,2019-02-22,0.0035398587093025203
1524472,2023-02-24,0.0002730675952486674
1524472,2021-02-26,0.003999289817081353
1524472,2022-02-25,-0.0063938415642409985
1524472,2020-02-28,0.008952916705428282
14272,2023-02-14,-0.007748731530960255
14272,2019-02-25,0.00445629322773086
14272,2022-02-09,0.0026650280097661005
14272,2020-02-24,0.0012669460113690092
14272,2021-02-10,-0.0028171514264602364
37785,2021-02-25,-0.0003085183132997976
37785,2020-02-28,0.005246147095102368
37785,2019-02-28,0.0035264350784337344
37785,2023-02-24,0.0010760807371667889
37785,2022-02-25,0.005434608761737385
49826,2023-02-10,0.0026130762338596515
49826,2021-02-12,-0.0037461941675916008
49826,2020-02-14,-0.0020447370923549458
49826,2022-02-11,0.0002942719249160134
49826,2019-02-15,0.0009422794805329206
27904,2022-02-11,-0.0034110735320416
27904,2020-02-13,-0.0036533345696056017
27904,2023-02-10,-0.0007719360391799514
27904,2019-02-15,0.002581731466815819
27904,2021-02-12,0.006309930443139919
100493,2021-11-15,-0.004147017878674038
100493,2022-11-14,-0.0024622427471631516
100493,2020-11-16,-0.0046969545368553975
100493,2019-11-12,0.007822463855090991
100493,2023-11-13,0.005783361664873383
900075,2023-09-28,-0.001377633433551333
900075,2020-10-26,-0.00041368291442885
900075,2021-09-27,-0.004844413084405292
900075,2019-09-30,0.002647179099077341
900075,2022-09-27,0.0052571590645342624
1037646,2019-02-08,-0.0016421408294859919
1037646,2023-02-10,0.0012757962170961137
1037646,2022-02-11,-0.006712113707197178
1037646,2020-02-07,-0.010745094639265854
1037646,2021-02-08,-0.00028307672704796106
916365,2022-02-17,-0.011184465461094577
916365,2023-02-23,0.00034664470923027424
916365,2019-02-21,-0.006881865833664852
916365,2021-02-18,0.0007656095137152578
916365,2020-02-20,-0.010599296124582406
101778,2023-02-16,-0.004684171431716548
101778,2022-02-17,0.015459396956379103
101778,2019-02-21,-0.011224143474112288
101778,2021-02-23,0.01793747333306579
101778,2020-02-20,-0.009002775891996294
320187,2023-07-20,-0.006771691013293636
320187,2022-07-21,-0.009259589283683405
320187,2019-07-23,-0.003421697182381032
320187,2020-07-24,-0.0046504486640898636
320187,2021-07-20,0.002607938971667223
920148,2020-02-28,0.006484265018428803
920148,2021-02-25,0.006097802715874916
920148,2023-02-28,-0.0035438529563789085
920148,2022-02-25,-0.002122526813572663
920148,2019-02-28,0.0004250453695593922
277135,2020-02-20,0.009724320304385338
277135,2019-02-28,-0.009376111806838165
277135,2022-02-23,0.00011530123062724164
277135,2021-02-24,0.005162103007377792
277135,2023-02-21,-0.0007771202340203427
21665,2019-02-21,0.00046284851868059714
21665,2021-02-18,0.003002748478974339
21665,2020-02-21,-0.013046187183891715
21665,2022-02-17,0.0029074671231188436
21665,2023-02-16,0.00545736043217929
1393311,2023-02-21,0.00390828856685329
1393311,2022-02-22,0.010400376204611799
1393311,2021-02-24,-0.009720363895631216
1393311,2019-02-27,0.006083105272517549
1393311,2020-02-25,-0.020710877491227797
10795,2023-11-21,0.0047519556286141715
10795,2021-11-24,-0.009774814682037064
10795,2022-11-22,0.002992477686932524
10795,2020-11-25,0.008550967790164692
10795,2019-11-27,0.004426343690958923
65984,2019-02-26,0.00024652439277993957
65984,2023-02-24,-0.012211580634412047
65984,2022-02-25,0.009267076615600937
65984,2021-02-26,-0.004533285357039558
65984,2020-02-21,-0.00821579375480627
731802,2021-11-12,-0.001284365525123048
731802,2019-11-12,0.00041654469262426656
731802,2020-11-13,-0.011649073482864342
731802,2023-11-14,0.0009748565176993594
731802,2022-11-14,0.004124015308505193
79879,2022-02-17,-0.00544499216498428
79879,2020-02-20,0.0033772493501522355
79879,2019-02-21,0.00669330053233211
79879,2023-02-16,0.009149505243740995
79879,2021-02-18,0.003603259879266039
51434,2023-02-17,-0.0023761745375763797
51434,2022-02-18,-0.009394274233509515
51434,2021-02-19,0.014288557125336967
51434,2020-02-19,0.014305285458341904
51434,2019-02-20,0.004180682425608401
4127,2020-11-17,0.0030144078047978197
4127,2023-11-17,0.0015904395735084824
4127,2019-11-14,-0.01455455423202988
4127,2021-11-24,-0.00031317089935903146
4127,2022-11-23,-0.00433923248067566
898293,2023-10-20,-0.007142442869845589
1306830,2019-02-07,-0.0009644413748459547
1306830,2023-02-24,0.014952381761731477
1306830,2022-02-10,0.0007195483596432141
1306830,2020-02-06,-0.004129765898921895
1306830,2021-02-11,0.00921401221307193
1397187,2023-03-28,0.006990561298373525
1097864,2022-02-14,0.007790531984221723
1097864,2023-02-06,0.020870725048543252
797468,2022-02-24,0.03818916588679745
797468,2019-02-21,-0.009105875242162113
797468,2023-02-27,0.0002329641989270504
797468,2020-02-28,-0.013884913427357995
797468,2021-02-26,0.012054311869218279
794367,2019-04-03,0.0008772289626955759
1067701,2021-01-27,0.0019196608261591776
1067701,2019-01-23,0.005624706713280267
1067701,2023-01-25,0.0037968389165233224
1067701,2020-01-29,0.005931926313186838
1067701,2022-01-26,-0.009767756438147902
859737,2021-11-16,0.0003327325400795412
859737,2023-11-21,-0.0003986025830013275
859737,2019-11-27,0.005379850271921582
859737,2022-11-15,-0.006262415692775646
859737,2020-11-17,-0.006518146528303177
842023,2021-08-25,0.005602610391115414
842023,2023-08-23,0.004023611202652452
842023,2022-08-24,0.0015189305457881334
1365135,2020-02-20,-0.0036604482064157996
1365135,2019-02-21,-0.0029286869417106515
796343,2023-01-17,0.013349471211776893
796343,2022-01-21,0.005957370161466356
796343,2021-01-15,0.0004731598787817053
796343,2019-01-25,-0.004013486190810081
796343,2020-01-21,0.003533788646297898
945841,2020-02-27,-0.00487686417918652
945841,2022-02-25,0.014800904032845478
945841,2021-02-25,0.006813098731254634
945841,2023-02-24,-0.00036793013910406793
827052,2020-02-27,-0.03269660327425518
827052,2019-02-28,0.010716650310329548
827052,2022-02-24,0.013037315110432787
827052,2021-02-25,0.001457230185049532
827052,2023-02-23,-0.00985263717717801
916076,2022-02-22,-0.00221169563126173
916076,2020-02-21,-0.016600739409795402
916076,2023-02-24,0.001426561096143124
916076,2021-02-19,0.021147945369456238
916076,2019-02-25,-0.006965281394744469
831001,2023-02-27,0.005051896113576389
831001,2020-02-21,-0.0037299064463334475
831001,2022-02-28,-0.01587059421930416
831001,2019-02-22,-0.00038837841235123995
831001,2021-02-26,0.014184015618420896
864749,2021-02-26,0.005304384087968166
864749,2022-02-23,0.001259846360766955
864749,2023-02-17,-0.004482929645254059
715957,2019-02-28,0.007231197761477669
715957,2021-02-25,-0.002375610798307286
715957,2022-02-24,0.00037581944414487767
715957,2020-02-28,0.02527483094377735
715957,2023-02-21,-0.0027728080383291427
1389170,2022-02-24,0.011801039120783584
1389170,2023-02-22,0.003980469189534572
927066,2019-02-22,-0.011759637952163685
927066,2021-02-12,-0.018487475720184783
927066,2023-02-22,0.002896894430714725
927066,2022-02-11,0.019351906098816436
927066,2020-02-21,0.0024217213289737085
1474735,2023-02-22,0.006935566400915922
1474735,2021-02-23,0.003503777874570466
1474735,2022-02-22,0.0023734690749052344
832101,2023-02-23,0.0003685551515246045
832101,2021-02-25,0.0039520975858126275
832101,2019-02-28,-0.0030286019005328047
832101,2022-02-24,0.0006462936255323888
832101,2020-02-21,0.0011403771433610406
1403161,2021-11-18,-0.011476231669529786
1403161,2019-11-14,0.0007929821794345425
1403161,2020-11-19,-0.007906512341265586
1403161,2023-11-15,0.0020090680849853566
1403161,2022-11-16,0.0008534851571770211
1032208,2020-02-27,-0.006629704674768146
1032208,2022-02-25,0.018091100810530513
1032208,2019-02-26,0.0075209520366224655
1032208,2021-02-25,-0.005689392700261855
1032208,2023-02-28,-0.005206235826375158
1278021,2019-02-20,0.009189327346919667
1278021,2023-02-22,-0.012207656252246929
1278021,2021-02-19,0.003074615785462603
1278021,2020-02-18,-0.0025141169446280774
1278021,2022-02-23,0.0037281274377751862
746515,2021-02-19,-0.00526557324930026
746515,2023-03-01,0.008331434376548222
746515,2019-02-22,-0.004057200871393916
746515,2020-02-21,0.005694964206920652
746515,2022-03-15,0.0095337409729494
875320,2022-02-09,-0.0035963160088790195
875320,2020-02-13,0.007233244968029061
875320,2019-02-13,0.0019644875567354234
875320,2023-02-10,0.0029457635281266506
875320,2021-02-11,0.0005554306782136666
1110803,2022-02-18,0.00914182139906873
1110803,2023-02-17,-0.004608406637106803
1110803,2019-02-12,0.00569391851597624
1110803,2020-02-11,-0.0005604396778312788
1110803,2021-02-17,-0.005237816125639607
92380,2022-02-07,0.016576549609640133
92380,2021-02-08,0.0013122734451706704
92380,2020-02-04,0.003718706621412219
92380,2023-02-07,-0.008568246990225549
92380,2019-02-05,-1.7773944655952861e-06
764622,2019-02-22,0.0017705411015335507
764622,2022-02-25,-0.0017321078044682274
764622,2023-02-27,0.0029002399826987537
764622,2020-02-21,-0.018784140465957392
764622,2021-02-24,-0.013039411452615318
1037038,2023-05-25,-0.02277392765957193
1037038,2021-05-20,-0.013674882543972387
1037038,2019-05-16,-0.004761466485796123
1037038,2022-05-24,0.013992704915013636
1037038,2020-05-27,-0.015194419090468973
40704,2019-06-28,0.009532976691719878
40704,2023-06-28,0.00013933430009309975
40704,2020-07-02,0.011591122349460841
40704,2021-06-30,-0.00406438542151963
40704,2022-06-30,0.006764092673155218
31462,2019-03-01,0.002984500905415654
31462,2020-02-28,0.01330594073936803
31462,2021-02-26,-0.004527676741259184
31462,2022-02-25,-0.010877088738117146
31462,2023-02-24,0.0024780551294385873
1136869,2019-02-26,0.0019947326812557974
1136869,2020-02-21,0.004318238623692865
1136869,2021-02-22,0.02015433491250707
1136869,2023-02-24,0.0023604718130592374
1136869,2022-02-25,0.006368513690290501
821189,2021-02-25,-0.010295041285268949
821189,2019-02-26,0.002607227110965283
821189,2023-02-23,-0.005408019008820113
821189,2022-02-24,0.005613046745796244
821189,2020-02-27,0.037820045396933344
879101,2023-02-24,0.000727072951984156
879101,2020-02-25,-0.017889498427877654
879101,2019-02-15,0.0011301493702890815
879101,2022-03-01,0.005659768327027008
879101,2021-02-23,0.01100747754846887
21076,2021-08-10,0.006135887821312086
21076,2020-08-13,0.001997981460305286
21076,2019-08-14,0.004246938211151665
21076,2022-08-10,0.0013700016627614707
21076,2023-08-10,-0.010072159896607074
1059556,2020-02-24,0.00957949825724147
1059556,2023-02-15,0.0005088584226680061
1059556,2022-02-22,0.0014683475266699907
1059556,2021-02-22,-0.00043692089398846435
1059556,2019-02-25,0.0010122204803061985
1163165,2021-02-16,0.0145195535403859
1163165,2022-02-17,0.00310290870616493
1163165,2019-02-19,-0.006398773154736785
1163165,2023-02-16,-0.0153883455441313
1163165,2020-02-18,-0.0010352498796279796
898173,2020-02-28,0.0006615910739469896
898173,2019-02-27,-0.0020257357292238014
898173,2023-02-28,-0.006896941102018802
898173,2022-02-28,0.01585998544414196
898173,2021-02-26,0.007557974873346546
818479,2021-03-01,0.013888464323548108
818479,2019-03-08,0.0029196412293924323
818479,2023-03-01,0.0027680514537970656
818479,2022-03-01,0.005395044022106517
818479,2020-03-02,-0.025498019047851563
19617,2020-02-25,-0.0019516489732547089
19617,2021-02-23,0.006942713109639375
19617,2023-02-21,-0.00042865182586027334
19617,2022-02-22,-0.0014028782254664014
19617,2019-02-26,-0.005065285121178086
745732,2019-04-02,0.00819214695424364
745732,2020-03-31,-0.033395512961761735
745732,2023-03-28,0.011744600266873824
745732,2021-03-30,-0.00349080474234564
745732,2022-03-29,-0.0025315126933541376
55067,2023-02-21,-0.0028692892175904362
55067,2019-02-25,0.001220674520699832
55067,2022-02-22,-8.45890157730512e-05
55067,2020-02-24,-0.01047403119815197
55067,2021-02-22,-0.0020157462840867187
1090012,2019-02-20,-0.00831269386106866
1090012,2023-02-15,-0.026141624758633096
1090012,2021-02-17,0.023721831733271765
1090012,2022-02-16,0.023045149587218483
1090012,2020-02-19,-0.018054179515450353
31791,2023-03-01,0.0021736079928756104
713676,2021-02-26,0.005205864278771436
713676,2020-03-02,-0.019756816722662073
713676,2022-02-25,0.0020272265392123996
713676,2019-03-01,0.0007989366628838317
713676,2023-02-22,0.006411822592950659
11544,2022-02-24,-0.009854653452166769
11544,2023-02-24,0.002323336915457661
11544,2019-02-22,0.0025269942480571368
11544,2021-02-18,0.01292686834070048
11544,2020-02-20,-0.00571966418574181
91142,2019-02-15,0.005822276758817633
91142,2020-02-24,0.010796199757080183
91142,2023-02-14,0.0005275267547354124
91142,2022-02-11,0.0017245313955566314
91142,2021-02-12,-0.015445622678716468
60086,2020-02-12,-0.0026750829176725036
60086,2022-02-08,0.007805270321116842
60086,2021-02-09,0.0005137197738088691
60086,2023-02-07,0.0028193934863222896
60086,2019-02-13,0.008367244330519167
1094285,2021-02-26,-0.0027891439908956485
1094285,2022-02-25,0.006806292299253126
1094285,2023-02-24,0.0019850910850397418
1094285,2020-02-24,-0.011320575169586275
702165,2021-02-04,-0.007440924056151268
702165,2020-02-06,-0.004955825020440518
702165,2019-02-08,0.006006875175864855
702165,2022-02-04,-0.007538209707337824
702165,2023-02-03,-0.0040809760365783515
874761,2022-02-28,0.00759890442572853
874761,2023-03-01,-0.0011262266225687493
874761,2020-02-28,-0.0157507121443021
874761,2019-02-27,-0.0008247533893582736
874761,2021-02-25,-0.005286501510126072
75677,2020-02-26,0.0004680400686599307
75677,2019-02-28,0.003903573408639943
75677,2023-02-23,0.007612704802518062
75677,2021-02-24,0.0028225838211716667
75677,2022-02-24,-0.007479240525535504
1324424,2023-02-10,0.01099842921339166
1324424,2019-02-08,-0.005291122098166924
1324424,2021-02-12,0.017106537038232863
1324424,2020-02-14,0.0017871408140923417
1324424,2022-02-11,0.01960307511940893
49071,2023-02-16,0.005441022224085351
49071,2019-02-21,-0.004519749947555767
49071,2022-02-17,-0.002695251512118961
49071,2021-02-18,0.00238750124906709
49071,2020-02-20,-0.007201018652417502
1070750,2019-02-26,-0.005993572886168997
1070750,2020-02-25,-0.02009692620709518
1070750,2022-02-24,-0.017563384146847546
1070750,2021-02-25,-0.010929291679639259
1070750,2023-02-22,0.004860195688174338
906163,2021-02-12,-0.0007723475155507976
906163,2019-02-13,-0.008634678919413922
906163,2022-02-16,0.0018201988486996412
906163,2020-02-19,0.004744032284359646
906163,2023-02-15,0.0028873515176421217
93751,2020-02-20,0.009532835752971053
93751,2021-02-19,0.013884781032068354
93751,2019-02-21,0.0011905268443705872
93751,2023-02-16,-0.008660795340766008
93751,2022-02-17,-0.01917234666638966
1051470,2021-02-22,-0.0036121504427840826
1051470,2022-02-22,0.0055184743459743375
1051470,2019-02-25,0.0007062240948574421
1051470,2023-02-24,-0.006553547570879767
1051470,2020-03-10,0.012669554418563107
316709,2022-02-24,-0.015918205144343462
316709,2020-02-26,-0.006155246265326611
316709,2019-02-22,0.001963328130847259
316709,2023-02-24,-0.0014724952146651063
316709,2021-02-24,0.008537282056396797
16918,2023-04-20,-0.001442545750780022
16918,2020-04-21,-0.0006432452192933419
16918,2021-04-20,0.00042613483255300906
16918,2019-04-23,0.006401416811689469
16918,2022-04-21,-0.007612619150353444
1408198,2022-02-11,0.0015098853198493925
1408198,2021-02-12,0.007999348703135881
1408198,2020-02-18,-0.007570993350018684
1408198,2019-02-22,0.006125350938051857
1408198,2023-02-10,0.002411208688613336
24741,2022-02-14,-0.00116627928140863
24741,2020-02-18,-0.0015327388200425131
24741,2019-02-12,-0.000168417319929429
24741,2021-02-12,-0.0029029970085702054
24741,2023-02-13,0.003045237577818375
899689,2021-02-16,-0.015679602703499
899689,2019-02-11,-0.00274077033536303
899689,2022-02-14,0.027831923579895553
899689,2020-02-18,-0.0008585585962451139
