Date,File Name,Hawkish Measure,Source
20130404,20130404a.txt,0.0,speeches
20220907,barr20220907a.txt,0.0,speeches
20221201,barr20221201a.txt,0.0,speeches
20230207,barr20230207a.txt,0.0,speeches
20230309,barr20230309a.txt,0.0,speeches
20230710,barr20230710a.txt,0.25,speeches
20230908,barr20230908a.txt,0.0,speeches
20231002,barr20231002a.txt,0.13793103448275862,speeches
20231009,barr20231009a.txt,-1.0,speeches
20231019,barr20231019a.txt,0.0,speeches
20231027,barr20231027a.txt,0.0,speeches
20231116,barr20231116a.txt,0.05555555555555555,speeches
20231201,barr20231201a.txt,0.0,speeches
20240117,barr20240117a.txt,0.0,speeches
20240214,barr20240214a.txt,0.02857142857142857,speeches
20240216,barr20240216a.txt,-0.14285714285714285,speeches
20240227,barr20240227a.txt,0.5,speeches
20240520,barr20240520a.txt,0.0,speeches
20240709,barr20240709a.txt,0.0,speeches
20240910,barr20240910a.txt,0.2,speeches
20240926,barr20240926a.txt,0.07142857142857142,speeches
20110210,bernanke20110210a.txt,-0.3,speeches
20120216,bernanke20120216a.txt,-0.4444444444444444,speeches
20120323,bernanke20120323a.txt,0.0,speeches
20120326,bernanke20120326a.txt,-0.32989690721649484,speeches
20120409,bernanke20120409a.txt,0.0,speeches
20120413,bernanke20120413a.txt,0.05263157894736842,speeches
20120510,bernanke20120510a.txt,-0.21428571428571427,speeches
20120724,bernanke20120724a.txt,0.0,speeches
20120806,bernanke20120806a.txt,0.0,speeches
20120807,bernanke20120807a.txt,0.0,speeches
20120831,bernanke20120831a.txt,-0.25,speeches
20121001,bernanke20121001a.txt,-0.16129032258064516,speeches
20121014,bernanke20121014a.txt,-0.375,speeches
20121115,bernanke20121115a.txt,-0.20833333333333334,speeches
20121120,bernanke20121120a.txt,-0.4666666666666667,speeches
20130301,bernanke20130301a.txt,-0.1891891891891892,speeches
20130325,bernanke20130325a.txt,0.043478260869565216,speeches
20130408,bernanke20130408a.txt,-0.5,speeches
20130412,bernanke20130412a.txt,-0.16666666666666666,speeches
20130510,bernanke20130510a.txt,0.0,speeches
20130518,bernanke20130518a.txt,0.0,speeches
20130602,bernanke20130602a.txt,0.0,speeches
20130710,bernanke20130710a.txt,-0.011494252873563218,speeches
20131002,bernanke20131002a.txt,0.0,speeches
20131014,bernanke20131014a.txt,0.0625,speeches
20131108,bernanke20131108a.txt,-0.1111111111111111,speeches
20131113,bernanke20131113a.txt,0.0,speeches
20131114,bernanke20131114a.txt,0.0,speeches
20131119,bernanke20131119a.txt,-0.2222222222222222,speeches
20131216,bernanke20131216a.txt,0.0,speeches
20131216,bernanke20131216b.txt,0.0,speeches
20140103,bernanke20140103a.txt,-0.3484848484848485,speeches
20190211,bowman20190211a.txt,0.0,speeches
20190325,bowman20190325a.txt,0.16666666666666666,speeches
20190328,bowman20190328a.txt,0.13333333333333333,speeches
20190402,bowman20190402a.txt,0.4,speeches
20190411,bowman20190411a.txt,0.0,speeches
20190625,bowman20190625a.txt,0.0,speeches
20190904,bowman20190904a.txt,-0.0625,speeches
20191001,bowman20191001a.txt,-0.5,speeches
20191017,bowman20191017a.txt,-0.07692307692307693,speeches
20200116,bowman20200116a.txt,0.09090909090909091,speeches
20200210,bowman20200210a.txt,0.3333333333333333,speeches
20200227,bowman20200227a.txt,0.0,speeches
20200819,bowman20200819a.txt,0.0,speeches
20200826,bowman20200826a.txt,-0.5,speeches
20200930,bowman20200930a.txt,-0.375,speeches
20201001,bowman20201001a.txt,0.3333333333333333,speeches
20201119,bowman20201119a.txt,-0.6923076923076923,speeches
20201204,bowman20201204a.txt,0.0,speeches
20210216,bowman20210216a.txt,0.0,speeches
20210222,bowman20210222a.txt,-0.2222222222222222,speeches
20210322,bowman20210322a.txt,-0.025,speeches
20210505,bowman20210505a.txt,-0.3,speeches
20210623,bowman20210623a.txt,-0.09523809523809523,speeches
20210803,bowman20210803a.txt,-0.5,speeches
20210928,bowman20210928a.txt,0.0,speeches
20211013,bowman20211013a.txt,0.22580645161290322,speeches
20211019,bowman20211019a.txt,-0.15384615384615385,speeches
20211022,bowman20211022a.txt,0.0,speeches
20211108,bowman20211108a.txt,0.23333333333333334,speeches
20211129,bowman20211129a.txt,0.0,speeches
20220221,bowman20220221a.txt,0.7,speeches
20220318,bowman20220318a.txt,0.0,speeches
20220623,bowman20220623a.txt,0.7096774193548387,speeches
20220806,bowman20220806a.txt,0.8095238095238095,speeches
20220817,bowman20220817a.txt,0.0,speeches
20220817,bowman20220817b.txt,-0.17391304347826086,speeches
20220928,bowman20220928a.txt,0.0,speeches
20220930,bowman20220930a.txt,0.2,speeches
20221012,bowman20221012a.txt,0.2037037037037037,speeches
20221020,bowman20221020a.txt,-0.5,speeches
20230110,bowman20230110a.txt,0.5333333333333333,speeches
20230213,bowman20230213a.txt,0.5909090909090909,speeches
20230215,bowman20230215a.txt,0.0,speeches
20230303,bowman20230303a.txt,0.5,speeches
20230314,bowman20230314a.txt,0.0,speeches
20230414,bowman20230414a.txt,-0.14285714285714285,speeches
20230418,bowman20230418a.txt,0.0,speeches
20230420,bowman20230420a.txt,0.6666666666666666,speeches
20230512,bowman20230512a.txt,0.14285714285714285,speeches
20230519,bowman20230519a.txt,0.0,speeches
20230531,bowman20230531a.txt,0.09090909090909091,speeches
20230622,bowman20230622a.txt,0.625,speeches
20230625,bowman20230625a.txt,0.14285714285714285,speeches
20230805,bowman20230805a.txt,0.7222222222222222,speeches
20230807,bowman20230807a.txt,0.45454545454545453,speeches
20230822,bowman20230822a.txt,-0.14285714285714285,speeches
20230922,bowman20230922a.txt,0.5789473684210527,speeches
20230926,bowman20230926a.txt,0.6666666666666666,speeches
20230927,bowman20230927a.txt,0.0,speeches
20231002,bowman20231002a.txt,0.65,speeches
20231004,bowman20231004a.txt,0.0,speeches
20231007,bowman20231007a.txt,0.65,speeches
20231011,bowman20231011a.txt,0.2903225806451613,speeches
20231017,bowman20231017a.txt,0.0,speeches
20231018,bowman20231018a.txt,0.16666666666666666,speeches
20231107,bowman20231107a.txt,0.35,speeches
20231109,bowman20231109a.txt,0.2692307692307692,speeches
20231128,bowman20231128a.txt,0.22857142857142856,speeches
20231205,bowman20231205a.txt,0.0,speeches
20240108,bowman20240108a.txt,0.42857142857142855,speeches
20240117,bowman20240117a.txt,0.0,speeches
20240202,bowman20240202a.txt,0.35714285714285715,speeches
20240207,bowman20240207a.txt,0.2,speeches
20240212,bowman20240212a.txt,0.0,speeches
20240215,bowman20240215a.txt,0.0,speeches
20240227,bowman20240227a.txt,0.5833333333333334,speeches
20240305,bowman20240305a.txt,0.0,speeches
20240307,bowman20240307a.txt,0.5909090909090909,speeches
20240402,bowman20240402a.txt,0.0,speeches
20240403,bowman20240403a.txt,0.0,speeches
20240405,bowman20240405a.txt,0.05263157894736842,speeches
20240418,bowman20240418a.txt,0.0,speeches
20240503,bowman20240503a.txt,0.5384615384615384,speeches
20240510,bowman20240510a.txt,0.13043478260869565,speeches
20240515,bowman20240515a.txt,0.0,speeches
20240517,bowman20240517a.txt,0.4375,speeches
20240528,bowman20240528a.txt,-0.10256410256410256,speeches
20240617,bowman20240617a.txt,0.0,speeches
20240625,bowman20240625a.txt,0.328125,speeches
20240626,bowman20240626a.txt,0.4,speeches
20240627,bowman20240627a.txt,0.3611111111111111,speeches
20240709,bowman20240709a.txt,0.0,speeches
20240710,bowman20240710a.txt,0.0,speeches
20240718,bowman20240718a.txt,0.0,speeches
20240724,bowman20240724a.txt,0.0,speeches
20240810,bowman20240810a.txt,0.12727272727272726,speeches
20240820,bowman20240820a.txt,0.10810810810810811,speeches
20240910,bowman20240910a.txt,-0.2,speeches
20240920,bowman20240920a.txt,0.6666666666666666,speeches
20240924,bowman20240924a.txt,0.18867924528301888,speeches
20240926,bowman20240926a.txt,0.18867924528301888,speeches
20240930,bowman20240930a.txt,0.17307692307692307,speeches
20241002,bowman20241002a.txt,0.1111111111111111,speeches
20241011,bowman20241011a.txt,0.0,speeches
20141202,brainard20141202a.txt,0.0,speeches
20141203,brainard20141203a.txt,0.09090909090909091,speeches
20150402,brainard20150402a.txt,-0.21739130434782608,speeches
20150602,brainard20150602a.txt,-0.288135593220339,speeches
20150701,brainard20150701a.txt,-0.2,speeches
20150709,brainard20150709a.txt,0.0,speeches
20150930,brainard20150930a.txt,0.0,speeches
20151012,brainard20151012a.txt,-0.36666666666666664,speeches
20151019,brainard20151019a.txt,0.0,speeches
20151106,brainard20151106a.txt,-0.2857142857142857,speeches
20151201,brainard20151201a.txt,-0.2625,speeches
20160226,brainard20160226a.txt,-0.21951219512195122,speeches
20160307,brainard20160307a.txt,-0.234375,speeches
20160414,brainard20160414a.txt,0.0,speeches
20160603,brainard20160603a.txt,-0.2631578947368421,speeches
20160912,brainard20160912a.txt,-0.3595505617977528,speeches
20161117,brainard20161117a.txt,0.024390243902439025,speeches
20161202,brainard20161202a.txt,0.0,speeches
20170117,brainard20170117a.txt,0.0,speeches
20170301,brainard20170301a.txt,0.09836065573770492,speeches
20170428,brainard20170428a.txt,0.0,speeches
20170522,brainard20170522a.txt,0.0,speeches
20170530,brainard20170530a.txt,-0.0125,speeches
20170711,brainard20170711a.txt,0.09090909090909091,speeches
20170713,brainard20170713a.txt,0.09090909090909091,speeches
20170905,brainard20170905a.txt,-0.10227272727272728,speeches
20170926,brainard20170926a.txt,-0.05263157894736842,speeches
20170927,brainard20170927a.txt,-0.058823529411764705,speeches
20171012,brainard20171012a.txt,0.08620689655172414,speeches
20171115,brainard20171115a.txt,0.0,speeches
20171116,brainard20171116a.txt,0.0,speeches
20171213,brainard20171213a.txt,0.07142857142857142,speeches
20180306,brainard20180306a.txt,-0.0625,speeches
20180403,brainard20180403a.txt,0.1,speeches
20180417,brainard20180417a.txt,0.0,speeches
20180419,brainard20180419a.txt,0.35714285714285715,speeches
20180515,brainard20180515a.txt,0.0,speeches
20180518,brainard20180518a.txt,0.0,speeches
20180531,brainard20180531a.txt,-0.016129032258064516,speeches
20180912,brainard20180912a.txt,0.16129032258064516,speeches
20181003,brainard20181003a.txt,0.0,speeches
20181015,brainard20181015a.txt,0.0,speeches
20181017,brainard20181017a.txt,0.0,speeches
20181113,brainard20181113a.txt,0.0,speeches
20181203,brainard20181203a.txt,0.06666666666666667,speeches
20181203,brainard20181203b.txt,0.0,speeches
20181207,brainard20181207a.txt,0.06060606060606061,speeches
20190223,brainard20190223a.txt,0.0,speeches
20190307,brainard20190307a.txt,-0.1232876712328767,speeches
20190508,brainard20190508a.txt,-0.11764705882352941,speeches
20190510,brainard20190510a.txt,0.02702702702702703,speeches
20190516,brainard20190516a.txt,-0.039473684210526314,speeches
20190621,brainard20190621a.txt,-0.1891891891891892,speeches
20190711,brainard20190711a.txt,-0.42857142857142855,speeches
20190805,brainard20190805a.txt,0.0,speeches
20191016,brainard20191016a.txt,-0.07692307692307693,speeches
20191108,brainard20191108a.txt,0.0,speeches
20191126,brainard20191126a.txt,-0.14285714285714285,speeches
20191218,brainard20191218a.txt,-0.1111111111111111,speeches
20200108,brainard20200108a.txt,0.0,speeches
20200205,brainard20200205a.txt,-0.14285714285714285,speeches
20200221,brainard20200221a.txt,-0.21568627450980393,speeches
20200505,brainard20200505a.txt,0.0,speeches
20200521,brainard20200521a.txt,-0.4,speeches
20200714,brainard20200714a.txt,-0.3333333333333333,speeches
20200813,brainard20200813a.txt,0.0,speeches
20200901,brainard20200901a.txt,-0.2391304347826087,speeches
20201015,brainard20201015a.txt,-0.3333333333333333,speeches
20201020,brainard20201020a.txt,0.3333333333333333,speeches
20201021,brainard20201021a.txt,-0.46153846153846156,speeches
20201117,brainard20201117a.txt,0.0,speeches
20201201,brainard20201201a.txt,-1.0,speeches
20201217,brainard20201217a.txt,0.0,speeches
20201218,brainard20201218a.txt,0.0,speeches
20210113,brainard20210113a.txt,-0.4166666666666667,speeches
20210218,brainard20210218a.txt,0.0,speeches
20210224,brainard20210224a.txt,-0.2,speeches
20210301,brainard20210301a.txt,-0.2857142857142857,speeches
20210302,brainard20210302a.txt,-0.22727272727272727,speeches
20210323,brainard20210323a.txt,0.0,speeches
20210323,brainard20210323b.txt,-0.11627906976744186,speeches
20210511,brainard20210511a.txt,-0.025,speeches
20210524,brainard20210524a.txt,-0.16666666666666666,speeches
20210601,brainard20210601a.txt,0.13846153846153847,speeches
20210730,brainard20210730a.txt,0.08823529411764706,speeches
20210927,brainard20210927a.txt,0.0196078431372549,speeches
20211007,brainard20211007a.txt,0.16666666666666666,speeches
20211013,brainard20211013a.txt,0.0,speeches
20220218,brainard20220218a.txt,-0.14285714285714285,speeches
20220405,brainard20220405a.txt,0.30303030303030304,speeches
20220525,brainard20220525a.txt,0.2,speeches
20220708,brainard20220708a.txt,0.0,speeches
20220829,brainard20220829a.txt,0.0,speeches
20220907,brainard20220907a.txt,0.40816326530612246,speeches
20220930,brainard20220930a.txt,0.47058823529411764,speeches
20221010,brainard20221010a.txt,0.3333333333333333,speeches
20221128,brainard20221128a.txt,0.4838709677419355,speeches
20230119,brainard20230119a.txt,0.14,speeches
20181025,clarida20181025a.txt,0.09433962264150944,speeches
20181127,clarida20181127a.txt,0.06976744186046512,speeches
20190110,clarida20190110a.txt,0.1,speeches
20190222,clarida20190222a.txt,-0.07228915662650602,speeches
20190228,clarida20190228a.txt,0.05,speeches
20190328,clarida20190328a.txt,-0.30434782608695654,speeches
20190409,clarida20190409a.txt,-0.043010752688172046,speeches
20190411,clarida20190411a.txt,-0.0625,speeches
20190503,clarida20190503a.txt,0.021052631578947368,speeches
20190513,clarida20190513a.txt,-0.15151515151515152,speeches
20190517,clarida20190517a.txt,0.0,speeches
20190520,clarida20190520a.txt,-0.10638297872340426,speeches
20190530,clarida20190530a.txt,-0.07692307692307693,speeches
20190605,clarida20190605a.txt,0.08333333333333333,speeches
20190701,clarida20190701a.txt,-0.052083333333333336,speeches
20190926,clarida20190926a.txt,-0.022988505747126436,speeches
20191001,clarida20191001a.txt,0.0,speeches
20191018,clarida20191018a.txt,-0.2,speeches
20191101,clarida20191101a.txt,-0.23809523809523808,speeches
20191112,clarida20191112a.txt,-0.03296703296703297,speeches
20191114,clarida20191114a.txt,-0.038461538461538464,speeches
20200109,clarida20200109a.txt,-0.25,speeches
20200221,clarida20200221a.txt,-0.02702702702702703,speeches
20200225,clarida20200225a.txt,-0.2222222222222222,speeches
20200521,clarida20200521a.txt,-0.5333333333333333,speeches
20200616,clarida20200616a.txt,-0.45,speeches
20200831,clarida20200831a.txt,-0.05042016806722689,speeches
20201014,clarida20201014a.txt,-0.4090909090909091,speeches
20201019,clarida20201019a.txt,-0.6153846153846154,speeches
20201116,clarida20201116a.txt,0.0,speeches
20210108,clarida20210108a.txt,-0.30434782608695654,speeches
20210113,clarida20210113a.txt,-0.01818181818181818,speeches
20210224,clarida20210224a.txt,-0.3181818181818182,speeches
20210325,clarida20210325a.txt,-0.13793103448275862,speeches
20210414,clarida20210414a.txt,-0.04477611940298507,speeches
20210512,clarida20210512a.txt,-0.13636363636363635,speeches
20210517,clarida20210517a.txt,0.0,speeches
20210804,clarida20210804a.txt,0.05263157894736842,speeches
20211012,clarida20211012a.txt,0.08333333333333333,speeches
20211108,clarida20211108a.txt,0.16129032258064516,speeches
20211119,clarida20211119a.txt,-0.08450704225352113,speeches
20211130,clarida20211130a.txt,-0.17391304347826086,speeches
20221006,cook20221006a.txt,0.40625,speeches
20221130,cook20221130a.txt,0.11290322580645161,speeches
20230106,cook20230106a.txt,0.24,speeches
20230121,cook20230121a.txt,0.0,speeches
20230216,cook20230216a.txt,0.0,speeches
20230331,cook20230331a.txt,0.24074074074074073,speeches
20230404,cook20230404a.txt,0.0,speeches
20230421,cook20230421a.txt,0.2127659574468085,speeches
20230513,cook20230513a.txt,0.0,speeches
20230515,cook20230515a.txt,0.0,speeches
20230922,cook20230922a.txt,0.10526315789473684,speeches
20231018,cook20231018a.txt,-0.07317073170731707,speeches
20231106,cook20231106a.txt,0.20833333333333334,speeches
20231108,cook20231108a.txt,0.25,speeches
20231113,cook20231113a.txt,0.0,speeches
20231116,cook20231116a.txt,0.06060606060606061,speeches
20240222,cook20240222a.txt,0.027777777777777776,speeches
20240325,cook20240325a.txt,0.16666666666666666,speeches
20240504,cook20240504a.txt,0.0,speeches
20240508,cook20240508a.txt,0.16666666666666666,speeches
20240514,cook20240514a.txt,0.08333333333333333,speeches
20240607,cook20240607a.txt,0.0,speeches
20240625,cook20240625a.txt,0.029850746268656716,speeches
20240710,cook20240710a.txt,0.05172413793103448,speeches
20240926,cook20240926a.txt,-0.06666666666666667,speeches
20241001,cook20241001a.txt,0.0,speeches
20241010,cook20241010a.txt,-0.08333333333333333,speeches
20120106,duke20120106a.txt,-0.37037037037037035,speeches
20120113,duke20120113a.txt,-0.125,speeches
20120116,duke20120116a.txt,-0.11538461538461539,speeches
20120327,duke20120327a.txt,-0.25,speeches
20120515,duke20120515a.txt,-0.21052631578947367,speeches
20120720,duke20120720a.txt,-0.3076923076923077,speeches
20121005,duke20121005a.txt,-0.05555555555555555,speeches
20121109,duke20121109a.txt,0.16666666666666666,speeches
20130205,duke20130205a.txt,0.0,speeches
20130308,duke20130308a.txt,-0.03389830508474576,speeches
20130509,duke20130509a.txt,0.07692307692307693,speeches
20140710,fischer20140710a.txt,0.2777777777777778,speeches
20140811,fischer20140811a.txt,-0.25333333333333335,speeches
20141011,fischer20141011a.txt,-0.027777777777777776,speeches
20150227,fischer20150227a.txt,0.08333333333333333,speeches
20150323,fischer20150323a.txt,-0.16393442622950818,speeches
20150327,fischer20150327a.txt,-0.16666666666666666,speeches
20150330,fischer20150330a.txt,-0.16666666666666666,speeches
20150521,fischer20150521.txt,0.0,speeches
20150526,fischer20150526a.txt,0.04838709677419355,speeches
20150601,fischer20150601a.txt,-0.17857142857142858,speeches
20150630,fischer20150630a.txt,0.06666666666666667,speeches
20150829,fischer20150829a.txt,-0.11392405063291139,speeches
20151002,fischer20151002a.txt,-0.034482758620689655,speeches
20151011,fischer20151011a.txt,-0.037037037037037035,speeches
20151104,fischer20151104a.txt,0.04819277108433735,speeches
20151112,fischer20151112a.txt,-0.3333333333333333,speeches
20151119,fischer20151119a.txt,-0.07894736842105263,speeches
20151203,fischer20151203a.txt,0.0,speeches
20160103,fischer20160103a.txt,-0.07142857142857142,speeches
20160201,fischer20160201a.txt,0.13793103448275862,speeches
20160210,fischer20160210a.txt,0.0,speeches
20160223,fischer20160223a.txt,0.15151515151515152,speeches
20160307,fischer20160307a.txt,-0.10227272727272728,speeches
20160519,fischer20160519.txt,0.09210526315789473,speeches
20160821,fischer20160821a.txt,-0.2972972972972973,speeches
20160927,fischer20160927a.txt,-0.1111111111111111,speeches
20161005,fischer20161005a.txt,-0.25,speeches
20161009,fischer20161009a.txt,-0.03571428571428571,speeches
20161017,fischer20161017a.txt,-0.21666666666666667,speeches
20161104,fischer20161104a.txt,0.05,speeches
20161111,fischer20161111a.txt,-0.0958904109589041,speeches
20161115,fischer20161115a.txt,-0.1111111111111111,speeches
20161121,fischer20161121a.txt,-0.3333333333333333,speeches
20170211,fischer20170211a.txt,-0.07407407407407407,speeches
20170303,fischer20170303a.txt,0.0,speeches
20170417,fischer20170417a.txt,0.0,speeches
20170419,fischer20170419a.txt,-0.041666666666666664,speeches
20170505,fischer20170505a.txt,-0.01694915254237288,speeches
20170620,fischer20170620a.txt,0.0,speeches
20170627,fischer20170627a.txt,0.058823529411764705,speeches
20170706,fischer20170706a.txt,-0.09433962264150944,speeches
20170731,fischer20170731a.txt,-0.37037037037037035,speeches
20170928,fischer20170928a.txt,-0.028985507246376812,speeches
20221004,jefferson20221004a.txt,0.2777777777777778,speeches
20221117,jefferson20221117a.txt,0.3333333333333333,speeches
20230224,jefferson20230224a.txt,0.25,speeches
20230227,jefferson20230227a.txt,0.1623931623931624,speeches
20230327,jefferson20230327a.txt,0.0898876404494382,speeches
20230512,jefferson20230512a.txt,0.08163265306122448,speeches
20230518,jefferson20230518a.txt,0.16279069767441862,speeches
20230531,jefferson20230531a.txt,-0.07142857142857142,speeches
20231009,jefferson20231009a.txt,0.15217391304347827,speeches
20231019,jefferson20231019a.txt,0.0,speeches
20231108,jefferson20231108a.txt,0.08333333333333333,speeches
20231114,jefferson20231114a.txt,0.0,speeches
20240222,jefferson20240222a.txt,-0.03508771929824561,speeches
20240416,jefferson20240416a.txt,0.14814814814814814,speeches
20240513,jefferson20240513a.txt,0.03125,speeches
20240520,jefferson20240520a.txt,0.1346153846153846,speeches
20241008,jefferson20241008a.txt,0.02857142857142857,speeches
20241009,jefferson20241009a.txt,0.038461538461538464,speeches
20240207,kugler20240207a.txt,-0.012658227848101266,speeches
20240301,kugler20240301a.txt,0.21348314606741572,speeches
20240403,kugler20240403a.txt,0.028985507246376812,speeches
20240404,kugler20240404a.txt,0.0,speeches
20240518,kugler20240518a.txt,0.0,speeches
20240618,kugler20240618a.txt,0.17142857142857143,speeches
20240716,kugler20240716a.txt,0.030303030303030304,speeches
20240925,kugler20240925a.txt,0.14666666666666667,speeches
20241008,kugler20241008a.txt,0.14492753623188406,speeches
20120125,minutes_20120125.txt,-0.09210526315789473,minutes
20120313,minutes_20120313.txt,0.03,minutes
20120425,minutes_20120425.txt,-0.05339805825242718,minutes
20120620,minutes_20120620.txt,-0.27419354838709675,minutes
20120801,minutes_20120801.txt,-0.21,minutes
20120913,minutes_20120913.txt,-0.13541666666666666,minutes
20121023,minutes_20121023.txt,-0.028037383177570093,minutes
20121212,minutes_20121212.txt,-0.12834224598930483,minutes
20130130,minutes_20130130.txt,-0.0967741935483871,minutes
20130320,minutes_20130320.txt,-0.17714285714285713,minutes
20130501,minutes_20130501.txt,-0.11818181818181818,minutes
20130619,minutes_20130619.txt,-0.14,minutes
20130731,minutes_20130731.txt,-0.1206896551724138,minutes
20130918,minutes_20130918.txt,-0.13966480446927373,minutes
20131030,minutes_20131030.txt,-0.23232323232323232,minutes
20131218,minutes_20131218.txt,-0.15577889447236182,minutes
20140129,minutes_20140129.txt,-0.20161290322580644,minutes
20140319,minutes_20140319.txt,-0.23333333333333334,minutes
20140430,minutes_20140430.txt,-0.18446601941747573,minutes
20140618,minutes_20140618.txt,-0.155,minutes
20140730,minutes_20140730.txt,-0.042735042735042736,minutes
20140917,minutes_20140917.txt,-0.11764705882352941,minutes
20141029,minutes_20141029.txt,-0.24369747899159663,minutes
20141217,minutes_20141217.txt,-0.095,minutes
20150128,minutes_20150128.txt,-0.08187134502923976,minutes
20150318,minutes_20150318.txt,-0.10552763819095477,minutes
20150429,minutes_20150429.txt,-0.0967741935483871,minutes
20150617,minutes_20150617.txt,-0.061224489795918366,minutes
20150729,minutes_20150729.txt,-0.11538461538461539,minutes
20150917,minutes_20150917.txt,-0.0825242718446602,minutes
20151028,minutes_20151028.txt,-0.1506849315068493,minutes
20151216,minutes_20151216.txt,-0.054187192118226604,minutes
20160127,minutes_20160127.txt,-0.14285714285714285,minutes
20160316,minutes_20160316.txt,-0.06896551724137931,minutes
20160427,minutes_20160427.txt,-0.04697986577181208,minutes
20160615,minutes_20160615.txt,-0.12755102040816327,minutes
20160727,minutes_20160727.txt,-0.037267080745341616,minutes
20160921,minutes_20160921.txt,-0.059113300492610835,minutes
20161102,minutes_20161102.txt,0.10204081632653061,minutes
20161214,minutes_20161214.txt,0.10582010582010581,minutes
20170201,minutes_20170201.txt,0.07692307692307693,minutes
20170315,minutes_20170315.txt,0.07981220657276995,minutes
20170503,minutes_20170503.txt,0.03731343283582089,minutes
20170614,minutes_20170614.txt,0.01904761904761905,minutes
20170726,minutes_20170726.txt,0.038461538461538464,minutes
20170920,minutes_20170920.txt,0.0,minutes
20171101,minutes_20171101.txt,-0.0072992700729927005,minutes
20171213,minutes_20171213.txt,0.047619047619047616,minutes
20180131,minutes_20180131.txt,0.022988505747126436,minutes
20180321,minutes_20180321.txt,0.10052910052910052,minutes
20180502,minutes_20180502.txt,0.17692307692307693,minutes
20180613,minutes_20180613.txt,0.1043956043956044,minutes
20180801,minutes_20180801.txt,0.04477611940298507,minutes
20180926,minutes_20180926.txt,0.13218390804597702,minutes
20181108,minutes_20181108.txt,0.15671641791044777,minutes
20181219,minutes_20181219.txt,0.07537688442211055,minutes
20190130,minutes_20190130.txt,-0.006172839506172839,minutes
20190320,minutes_20190320.txt,-0.06726457399103139,minutes
20190501,minutes_20190501.txt,-0.045112781954887216,minutes
20190619,minutes_20190619.txt,-0.19289340101522842,minutes
20190731,minutes_20190731.txt,-0.0963855421686747,minutes
20190918,minutes_20190918.txt,-0.15546218487394958,minutes
20191030,minutes_20191030.txt,-0.18471337579617833,minutes
20191211,minutes_20191211.txt,-0.0514018691588785,minutes
20200129,minutes_20200129.txt,-0.07317073170731707,minutes
20200315,minutes_20200315.txt,-0.3560606060606061,minutes
20200429,minutes_20200429.txt,-0.49523809523809526,minutes
20200610,minutes_20200610.txt,-0.3048128342245989,minutes
20200729,minutes_20200729.txt,-0.36633663366336633,minutes
20200916,minutes_20200916.txt,-0.12941176470588237,minutes
20201105,minutes_20201105.txt,-0.35294117647058826,minutes
20201216,minutes_20201216.txt,-0.17307692307692307,minutes
20210127,minutes_20210127.txt,-0.1888111888111888,minutes
20210317,minutes_20210317.txt,-0.0782608695652174,minutes
20210428,minutes_20210428.txt,0.0,minutes
20210616,minutes_20210616.txt,0.140625,minutes
20210728,minutes_20210728.txt,0.0962962962962963,minutes
20210922,minutes_20210922.txt,0.21705426356589147,minutes
20211103,minutes_20211103.txt,0.29914529914529914,minutes
20211215,minutes_20211215.txt,0.2727272727272727,minutes
20220126,minutes_20220126.txt,0.2857142857142857,minutes
20220316,minutes_20220316.txt,0.5416666666666666,minutes
20220504,minutes_20220504.txt,0.4482758620689655,minutes
20220615,minutes_20220615.txt,0.37777777777777777,minutes
20220727,minutes_20220727.txt,0.23178807947019867,minutes
20220921,minutes_20220921.txt,0.3333333333333333,minutes
20221102,minutes_20221102.txt,0.36363636363636365,minutes
20221214,minutes_20221214.txt,0.3028169014084507,minutes
20230201,minutes_20230201.txt,0.2318840579710145,minutes
20230322,minutes_20230322.txt,0.2462686567164179,minutes
20230503,minutes_20230503.txt,0.24060150375939848,minutes
20230614,minutes_20230614.txt,0.26277372262773724,minutes
20230726,minutes_20230726.txt,0.28688524590163933,minutes
20230920,minutes_20230920.txt,0.21052631578947367,minutes
20231101,minutes_20231101.txt,0.23423423423423423,minutes
20231213,minutes_20231213.txt,0.08148148148148149,minutes
20240131,minutes_20240131.txt,0.1328125,minutes
20240320,minutes_20240320.txt,0.14912280701754385,minutes
20240501,minutes_20240501.txt,0.168,minutes
20240612,minutes_20240612.txt,0.13821138211382114,minutes
20240731,minutes_20240731.txt,0.08771929824561403,minutes
20240918,minutes_20240918.txt,-0.08264462809917356,minutes
20130221,powell20130221a.txt,0.2,speeches
20130304,powell20130304a.txt,0.0,speeches
20130627,powell20130627a.txt,-0.18666666666666668,speeches
20130702,powell20130702a.txt,-0.07142857142857142,speeches
20131003,powell20131003a.txt,0.0,speeches
20131011,powell20131011a.txt,0.0,speeches
20131104,powell20131104a.txt,-0.08433734939759036,speeches
20131121,powell20131121a.txt,0.0,speeches
20140606,powell20140606a.txt,-0.5,speeches
20140904,powell20140904a.txt,0.0,speeches
20140923,powell20140923a.txt,0.0,speeches
20140930,powell20140930a.txt,-0.09090909090909091,speeches
20141020,powell20141020a.txt,0.0,speeches
20141106,powell20141106a.txt,0.5,speeches
20141114,powell20141114a.txt,-0.23529411764705882,speeches
20150120,powell20150120a.txt,0.0,speeches
20150204,powell20150204a.txt,0.0,speeches
20150209,powell20150209a.txt,-0.0975609756097561,speeches
20150218,powell20150218a.txt,-0.6,speeches
20150408,powell20150408a.txt,0.044444444444444446,speeches
20150514,powell20150514a.txt,0.0,speeches
20150803,powell20150803a.txt,0.1111111111111111,speeches
20151020,powell20151020a.txt,0.0,speeches
20151117,powell20151117a.txt,0.0,speeches
20151120,powell20151120a.txt,0.0,speeches
20160226,powell20160226a.txt,-0.19047619047619047,speeches
20160526,powell20160526a.txt,-0.09574468085106383,speeches
20160621,powell20160621a.txt,0.0,speeches
20160628,powell20160628a.txt,-0.13924050632911392,speeches
20160929,powell20160929a.txt,-0.2222222222222222,speeches
20161118,powell20161118a.txt,-0.15873015873015872,speeches
20161129,powell20161129a.txt,-0.12871287128712872,speeches
20161130,powell20161130a.txt,-0.08695652173913043,speeches
20170107,powell20170107a.txt,-0.27450980392156865,speeches
20170222,powell20170222a.txt,-0.027522935779816515,speeches
20170303,powell20170303a.txt,0.0,speeches
20170328,powell20170328a.txt,0.09090909090909091,speeches
20170405,powell20170405a.txt,0.2,speeches
20170420,powell20170420a.txt,0.0,speeches
20170601,powell20170601a.txt,0.09090909090909091,speeches
20170623,powell20170623a.txt,0.3333333333333333,speeches
20170626,powell20170626a.txt,0.2,speeches
20170706,powell20170706a.txt,0.14285714285714285,speeches
20170830,powell20170830a.txt,0.0,speeches
20171005,powell20171005a.txt,0.0,speeches
20171012,powell20171012a.txt,0.04,speeches
20171018,powell20171018a.txt,0.0,speeches
20171102,powell20171102a.txt,0.0,speeches
20180213,powell20180213a.txt,0.0,speeches
20180406,powell20180406a.txt,-0.061224489795918366,speeches
20180508,powell20180508a.txt,-0.03333333333333333,speeches
20180525,powell20180525a.txt,-0.08333333333333333,speeches
20180620,powell20180620a.txt,0.0,speeches
20180824,powell20180824a.txt,0.102803738317757,speeches
20180927,powell20180927a.txt,0.2222222222222222,speeches
20181002,powell20181002a.txt,0.13725490196078433,speeches
20181128,powell20181128a.txt,-0.09090909090909091,speeches
20181203,powell20181203a.txt,-0.4,speeches
20181206,powell20181206a.txt,0.0,speeches
20190206,powell20190206a.txt,0.0,speeches
20190212,powell20190212a.txt,0.14285714285714285,speeches
20190228,powell20190228b.txt,-0.14814814814814814,speeches
20190308,powell20190308a.txt,-0.10416666666666667,speeches
20190509,powell20190509a.txt,-0.4,speeches
20190520,powell20190520a.txt,0.045454545454545456,speeches
20190604,powell20190604a.txt,-0.1111111111111111,speeches
20190625,powell20190625a.txt,0.0,speeches
20190716,powell20190716a.txt,-0.325,speeches
20190823,powell20190823a.txt,-0.05405405405405406,speeches
20191004,powell20191004a.txt,-0.3076923076923077,speeches
20191007,powell20191007a.txt,0.5,speeches
20191008,powell20191008a.txt,0.08333333333333333,speeches
20191009,powell20191009a.txt,-0.3333333333333333,speeches
20191125,powell20191125a.txt,-0.18867924528301888,speeches
20200409,powell20200409a.txt,-0.4,speeches
20200513,powell20200513a.txt,-0.25,speeches
20200521,powell20200521a.txt,0.0,speeches
20200619,powell20200619a.txt,0.0,speeches
20200827,powell20200827a.txt,-0.07964601769911504,speeches
20201006,powell20201006a.txt,-0.48,speeches
20210210,powell20210210a.txt,-0.4166666666666667,speeches
20210503,powell20210503a.txt,0.16666666666666666,speeches
20210827,powell20210827a.txt,0.044444444444444446,speeches
20210924,powell20210924a.txt,0.0,speeches
20211108,powell20211108a.txt,0.0,speeches
20211109,powell20211109a.txt,-0.2222222222222222,speeches
20220321,powell20220321a.txt,0.3870967741935484,speeches
20220524,powell20220524a.txt,0.0,speeches
20220617,powell20220617a.txt,0.3333333333333333,speeches
20220826,powell20220826a.txt,0.6444444444444445,speeches
20221130,powell20221130a.txt,0.225,speeches
20230110,powell20230110a.txt,0.25,speeches
20230629,powell20230629a.txt,0.5263157894736842,speeches
20230825,powell20230825a.txt,0.19696969696969696,speeches
20230928,powell20230928a.txt,0.0,speeches
20231019,powell20231019a.txt,0.20689655172413793,speeches
20231025,powell20231025a.txt,0.0,speeches
20231108,powell20231108a.txt,0.0,speeches
20231109,powell20231109a.txt,0.3541666666666667,speeches
20231201,powell20231201a.txt,0.44,speeches
20240403,powell20240403a.txt,0.17857142857142858,speeches
20240823,powell20240823a.txt,0.27058823529411763,speeches
20240926,powell20240926a.txt,0.0,speeches
20240930,powell20240930a.txt,0.03571428571428571,speeches
20120125,press_conf_20120125.txt,-0.21428571428571427,press
20120425,press_conf_20120425.txt,-0.22784810126582278,press
20120620,press_conf_20120620.txt,-0.4426229508196721,press
20120913,press_conf_20120913.txt,-0.24742268041237114,press
20121212,press_conf_20121212.txt,-0.16666666666666666,press
20130320,press_conf_20130320.txt,-0.29333333333333333,press
20130619,press_conf_20130619.txt,-0.14414414414414414,press
20130918,press_conf_20130918.txt,-0.22549019607843138,press
20131218,press_conf_20131218.txt,-0.24193548387096775,press
20140319,press_conf_20140319.txt,-0.26,press
20140618,press_conf_20140618.txt,-0.14150943396226415,press
20140917,press_conf_20140917.txt,-0.2465753424657534,press
20141217,press_conf_20141217.txt,-0.21904761904761905,press
20150318,press_conf_20150318.txt,-0.09473684210526316,press
20150617,press_conf_20150617.txt,-0.012195121951219513,press
20150917,press_conf_20150917.txt,-0.13333333333333333,press
20151216,press_conf_20151216.txt,-0.06206896551724138,press
20160316,press_conf_20160316.txt,-0.016129032258064516,press
20160615,press_conf_20160615.txt,-0.15178571428571427,press
20160921,press_conf_20160921.txt,-0.11538461538461539,press
20161214,press_conf_20161214.txt,-0.10666666666666667,press
20170315,press_conf_20170315.txt,0.05333333333333334,press
20170614,press_conf_20170614.txt,0.0,press
20170920,press_conf_20170920.txt,-0.13157894736842105,press
20171213,press_conf_20171213.txt,0.009900990099009901,press
20180321,press_conf_20180321.txt,0.125,press
20180613,press_conf_20180613.txt,0.061068702290076333,press
20180926,press_conf_20180926.txt,0.16666666666666666,press
20181219,press_conf_20181219.txt,0.023809523809523808,press
20190130,press_conf_20190130.txt,0.0,press
20190320,press_conf_20190320.txt,-0.12790697674418605,press
20190501,press_conf_20190501.txt,-0.06,press
20190619,press_conf_20190619.txt,-0.14634146341463414,press
20190731,press_conf_20190731.txt,-0.2727272727272727,press
20190918,press_conf_20190918.txt,-0.17857142857142858,press
20191030,press_conf_20191030.txt,-0.19,press
20191211,press_conf_20191211.txt,-0.0660377358490566,press
20200129,press_conf_20200129.txt,-0.06153846153846154,press
20200303,press_conf_20200303.txt,-0.11764705882352941,press
20200315,press_conf_20200315.txt,-0.3157894736842105,press
20200429,press_conf_20200429.txt,-0.42857142857142855,press
20200610,press_conf_20200610.txt,-0.2948717948717949,press
20200729,press_conf_20200729.txt,-0.32142857142857145,press
20200916,press_conf_20200916.txt,-0.15,press
20201105,press_conf_20201105.txt,-0.3902439024390244,press
20201216,press_conf_20201216.txt,-0.09900990099009901,press
20210127,press_conf_20210127.txt,-0.08421052631578947,press
20210317,press_conf_20210317.txt,-0.12605042016806722,press
20210428,press_conf_20210428.txt,0.038834951456310676,press
20210616,press_conf_20210616.txt,0.2191780821917808,press
20210728,press_conf_20210728.txt,0.2248062015503876,press
20210922,press_conf_20210922.txt,0.18666666666666668,press
20211103,press_conf_20211103.txt,0.07563025210084033,press
20211215,press_conf_20211215.txt,0.2635135135135135,press
20220126,press_conf_20220126.txt,0.3360655737704918,press
20220316,press_conf_20220316.txt,0.5060240963855421,press
20220504,press_conf_20220504.txt,0.25,press
20220615,press_conf_20220615.txt,0.40350877192982454,press
20220727,press_conf_20220727.txt,0.3106060606060606,press
20220921,press_conf_20220921.txt,0.36231884057971014,press
20221102,press_conf_20221102.txt,0.3953488372093023,press
20221214,press_conf_20221214.txt,0.34868421052631576,press
20230201,press_conf_20230201.txt,0.26,press
20230322,press_conf_20230322.txt,0.23170731707317074,press
20230503,press_conf_20230503.txt,0.22580645161290322,press
20230614,press_conf_20230614.txt,0.2878787878787879,press
20230726,press_conf_20230726.txt,0.23841059602649006,press
20230920,press_conf_20230920.txt,0.2328767123287671,press
20231101,press_conf_20231101.txt,0.248,press
20231213,press_conf_20231213.txt,0.15315315315315314,press
20240131,press_conf_20240131.txt,0.12048192771084337,press
20240320,press_conf_20240320.txt,0.19469026548672566,press
20240501,press_conf_20240501.txt,0.14743589743589744,press
20240612,press_conf_20240612.txt,0.18120805369127516,press
20240731,press_conf_20240731.txt,0.018518518518518517,press
20240918,press_conf_20240918.txt,0.1724137931034483,press
20171130,quarles20171130a.txt,0.0,speeches
20180119,quarles20180119a.txt,0.0,speeches
20180222,quarles20180222a.txt,-0.2,speeches
20180226,quarles20180226a.txt,-0.0784313725490196,speeches
20180226,quarles20180226b.txt,0.0,speeches
20180305,quarles20180305a.txt,0.0,speeches
20180326,quarles20180326a.txt,0.125,speeches
20180504,quarles20180504a.txt,0.0625,speeches
20180516,quarles20180516a.txt,0.0,speeches
20180627,quarles20180627a.txt,0.0,speeches
20180718,quarles20180718a.txt,0.0,speeches
20180719,quarles20180719a.txt,0.0,speeches
20181004,quarles20181004a.txt,0.0,speeches
20181018,quarles20181018a.txt,0.1702127659574468,speeches
20181109,quarles20181109a.txt,0.0,speeches
20181116,quarles20181116a.txt,0.0,speeches
20181205,quarles20181205a.txt,0.0,speeches
20190109,quarles20190109a.txt,-0.5,speeches
20190206,quarles20190206a.txt,0.0,speeches
20190210,quarles20190210a.txt,0.5,speeches
20190222,quarles20190222a.txt,0.14285714285714285,speeches
20190328,quarles20190328a.txt,0.0,speeches
20190329,quarles20190329a.txt,0.07142857142857142,speeches
20190402,quarles20190402a.txt,0.0,speeches
20190410,quarles20190410a.txt,0.0,speeches
20190530,quarles20190530a.txt,-0.18181818181818182,speeches
20190603,quarles20190603a.txt,0.0,speeches
20190820,quarles20190820a.txt,0.0,speeches
20190926,quarles20190926a.txt,0.0,speeches
20190927,quarles20190927a.txt,0.0,speeches
20191101,quarles20191101a.txt,-0.03636363636363636,speeches
20191114,quarles20191114a.txt,0.0,speeches
20200117,quarles20200117a.txt,0.0,speeches
20200206,quarles20200206a.txt,-0.14634146341463414,speeches
20200211,quarles20200211a.txt,0.0,speeches
20200619,quarles20200619a.txt,-0.6666666666666666,speeches
20200707,quarles20200707a.txt,-0.3333333333333333,speeches
20200923,quarles20200923a.txt,-0.32653061224489793,speeches
20201014,quarles20201014a.txt,-0.625,speeches
20201015,quarles20201015a.txt,-0.2222222222222222,speeches
20201020,quarles20201020a.txt,-0.10526315789473684,speeches
20201211,quarles20201211a.txt,-1.0,speeches
20210225,quarles20210225a.txt,-0.16666666666666666,speeches
20210330,quarles20210330a.txt,-0.3333333333333333,speeches
20210526,quarles20210526a.txt,-0.5,speeches
20210526,quarles20210526b.txt,0.11475409836065574,speeches
20210603,quarles20210603a.txt,-0.1111111111111111,speeches
20210628,quarles20210628a.txt,0.0,speeches
20210711,quarles20210711a.txt,0.0,speeches
20211005,quarles20211005a.txt,0.0,speeches
20211018,quarles20211018a.txt,0.0,speeches
20211020,quarles20211020a.txt,0.21686746987951808,speeches
20211202,quarles20211202a.txt,-0.25,speeches
20120106,raskin20120106a.txt,-0.22727272727272727,speeches
20120107,raskin20120107a.txt,-0.6666666666666666,speeches
20120301,raskin20120301a.txt,-0.21428571428571427,speeches
20120411,raskin20120411a.txt,-0.39473684210526316,speeches
20120723,raskin20120723a.txt,0.0,speeches
20130228,raskin20130228a.txt,-0.2,speeches
20130322,raskin20130322.txt,-0.1724137931034483,speeches
20130418,raskin20130418a.txt,-0.11320754716981132,speeches
20130516,raskin20130516a.txt,-0.3076923076923077,speeches
20130606,raskin20130606a.txt,0.0,speeches
20130717,raskin20130717a.txt,0.13636363636363635,speeches
20121011,stein20121011a.txt,-0.13513513513513514,speeches
20121130,stein20121130a.txt,0.0,speeches
20121217,stein20121217a.txt,0.0,speeches
20130207,stein20130207a.txt,0.030303030303030304,speeches
20130417,stein20130417a.txt,0.0,speeches
20130419,stein20130419a.txt,0.05,speeches
20130628,stein20130628a.txt,-0.1111111111111111,speeches
20130926,stein20130926a.txt,-0.09090909090909091,speeches
20131004,stein20131004a.txt,-0.08333333333333333,speeches
20131018,stein20131018a.txt,0.0,speeches
20131107,stein20131107a.txt,-0.08333333333333333,speeches
20140103,stein20140103a.txt,-0.07142857142857142,speeches
20140228,stein20140228a.txt,0.07692307692307693,speeches
20140321,stein20140321a.txt,-0.11475409836065574,speeches
20140324,stein20140324a.txt,0.0,speeches
20140506,stein20140506a.txt,-0.2,speeches
20120410,tarullo20120410a.txt,-0.5,speeches
20120502,tarullo20120502a.txt,-0.2,speeches
20120612,tarullo20120612a.txt,-0.14285714285714285,speeches
20121010,tarullo20121010a.txt,-0.25,speeches
20121128,tarullo20121128a.txt,0.0,speeches
20121204,tarullo20121204a.txt,-0.5,speeches
20130222,tarullo20130222a.txt,-0.15789473684210525,speeches
20130503,tarullo20130503a.txt,0.2,speeches
20130920,tarullo20130920a.txt,0.22727272727272727,speeches
20131018,tarullo20131018a.txt,0.0,speeches
20131122,tarullo20131122a.txt,0.0,speeches
20140225,tarullo20140225a.txt,-0.01639344262295082,speeches
20140327,tarullo20140327a.txt,0.0,speeches
20140409,tarullo20140409a.txt,-0.12244897959183673,speeches
20140508,tarullo20140508a.txt,0.0,speeches
20140609,tarullo20140609a.txt,0.0,speeches
20140625,tarullo20140625a.txt,-0.25,speeches
20141020,tarullo20141020a.txt,0.0,speeches
20141107,tarullo20141107a.txt,-0.2,speeches
20141120,tarullo20141120a.txt,-0.2,speeches
20150130,tarullo20150130a.txt,0.0,speeches
20150430,tarullo20150430a.txt,0.0,speeches
20150504,tarullo20150504.txt,0.0,speeches
20150928,tarullo20150928a.txt,0.0,speeches
20151105,tarullo20151105a.txt,0.0,speeches
20151117,tarullo20151117a.txt,-0.25,speeches
20151202,tarullo20151202a.txt,0.0,speeches
20160520,tarullo20160520a.txt,0.0,speeches
20160712,tarullo20160712a.txt,0.1111111111111111,speeches
20160926,tarullo20160926a.txt,0.125,speeches
20161021,tarullo20161021a.txt,0.0,speeches
20161202,tarullo20161202a.txt,-0.3,speeches
20170404,tarullo20170404a.txt,0.0,speeches
20210329,waller20210329a.txt,0.14634146341463414,speeches
20210513,waller20210513a.txt,0.3333333333333333,speeches
20210805,waller20210805a.txt,0.07142857142857142,speeches
20211019,waller20211019a.txt,0.2857142857142857,speeches
20211117,waller20211117a.txt,0.0,speeches
20211119,waller20211119a.txt,0.32,speeches
20211217,waller20211217a.txt,0.22,speeches
20220224,waller20220224a.txt,0.5540540540540541,speeches
20220324,waller20220324a.txt,0.30612244897959184,speeches
20220506,waller20220506a.txt,0.1875,speeches
20220530,waller20220530a.txt,0.3939393939393939,speeches
20220603,waller20220603a.txt,0.0,speeches
20220618,waller20220618a.txt,0.17391304347826086,speeches
20220714,waller20220714a.txt,0.4117647058823529,speeches
20220909,waller20220909a.txt,0.5882352941176471,speeches
20221006,waller20221006a.txt,0.3333333333333333,speeches
20221014,waller20221014a.txt,0.0,speeches
20221116,waller20221116a.txt,0.4383561643835616,speeches
20230120,waller20230120a.txt,0.3333333333333333,speeches
20230208,waller20230208a.txt,0.42,speeches
20230210,waller20230210a.txt,0.0,speeches
20230302,waller20230302a.txt,0.6129032258064516,speeches
20230331,waller20230331a.txt,0.1625,speeches
20230414,waller20230414a.txt,0.5142857142857142,speeches
20230420,waller20230420a.txt,0.0,speeches
20230511,waller20230511a.txt,-0.15384615384615385,speeches
20230524,waller20230524a.txt,0.34782608695652173,speeches
20230616,waller20230616a.txt,0.3157894736842105,speeches
20230622,waller20230622a.txt,0.2,speeches
20230713,waller20230713a.txt,0.3673469387755102,speeches
20231010,waller20231010a.txt,0.010752688172043012,speeches
20231018,waller20231018a.txt,0.3137254901960784,speeches
20231026,waller20231026a.txt,0.0,speeches
20231107,waller20231107a.txt,-0.5,speeches
20231128,waller20231128a.txt,0.2,speeches
20240116,waller20240116a.txt,0.06153846153846154,speeches
20240215,waller20240215a.txt,-0.1875,speeches
20240222,waller20240222a.txt,0.2571428571428571,speeches
20240301,waller20240301a.txt,-0.11538461538461539,speeches
20240327,waller20240327a.txt,0.125,speeches
20240517,waller20240517a.txt,0.0,speeches
20240520,waller20240520a.txt,-0.25,speeches
20240521,waller20240521a.txt,0.10204081632653061,speeches
20240524,waller20240524a.txt,-0.019230769230769232,speeches
20240624,waller20240624a.txt,0.0,speeches
20240717,waller20240717a.txt,0.1016949152542373,speeches
20240819,waller20240819a.txt,0.125,speeches
20240828,waller20240828a.txt,0.0,speeches
20240906,waller20240906a.txt,-0.019230769230769232,speeches
20120411,yellen20120411a.txt,-0.24107142857142858,speeches
20120606,yellen20120606a.txt,-0.35,speeches
20121011,yellen20121011a.txt,-0.17391304347826086,speeches
20121113,yellen20121113a.txt,-0.05714285714285714,speeches
20130104,yellen20130104a.txt,-0.18181818181818182,speeches
20130211,yellen20130211a.txt,-0.3176470588235294,speeches
20130302,yellen20130302a.txt,-0.2926829268292683,speeches
20130404,yellen20130404a.txt,-0.07575757575757576,speeches
20130416,yellen20130416a.txt,-0.32142857142857145,speeches
20140305,yellen20140305a.txt,-0.5,speeches
20140331,yellen20140331a.txt,-0.3404255319148936,speeches
20140416,yellen20140416a.txt,-0.2647058823529412,speeches
20140501,yellen20140501a.txt,0.0,speeches
20140515,yellen20140515a.txt,-0.3333333333333333,speeches
20140521,yellen20140521a.txt,-0.25,speeches
20140702,yellen20140702a.txt,0.03773584905660377,speeches
20140822,yellen20140822a.txt,-0.2463768115942029,speeches
20141017,yellen20141017a.txt,-0.17647058823529413,speeches
20141030,yellen20141030a.txt,0.0,speeches
20141107,yellen20141107a.txt,-0.3333333333333333,speeches
20150303,yellen20150303a.txt,0.0,speeches
20150327,yellen20150327a.txt,-0.04938271604938271,speeches
20150402,yellen20150402a.txt,0.0,speeches
20150506,yellen20150506a.txt,0.0,speeches
20150522,yellen20150522a.txt,-0.3392857142857143,speeches
20150710,yellen20150710a.txt,-0.2682926829268293,speeches
20150924,yellen20150924a.txt,-0.035842293906810034,speeches
20150930,yellen20150930a.txt,0.0,speeches
20151020,yellen20151020a.txt,0.0,speeches
20151112,yellen20151112a.txt,-0.07692307692307693,speeches
20151202,yellen20151202a.txt,-0.052083333333333336,speeches
20160329,yellen20160329a.txt,-0.21176470588235294,speeches
20160606,yellen20160606a.txt,-0.07692307692307693,speeches
20160826,yellen20160826a.txt,-0.19117647058823528,speeches
20161014,yellen20161014a.txt,-0.025210084033613446,speeches
20161219,yellen20161219a.txt,0.0,speeches
20170112,yellen20170112a.txt,0.0,speeches
20170118,yellen20170118a.txt,-0.09333333333333334,speeches
20170119,yellen20170119a.txt,0.0,speeches
20170303,yellen20170303a.txt,-0.14473684210526316,speeches
20170323,yellen20170323a.txt,0.0,speeches
20170328,yellen20170328a.txt,-0.1875,speeches
20170505,yellen20170505a.txt,-0.10526315789473684,speeches
20170825,yellen20170825a.txt,-0.047619047619047616,speeches
20170926,yellen20170926a.txt,-0.06578947368421052,speeches
20171004,yellen20171004a.txt,0.0,speeches
20171015,yellen20171015a.txt,0.125,speeches
20171020,yellen20171020a.txt,-0.13725490196078433,speeches
20171107,yellen20171107a.txt,0.0,speeches
